Port,SupplyDemand,Mean,Std. Dev
Aberdeen-f8ea5ddd09c3,Demand,68903.93356873459,57843.69559190256
Aberdeen-f8ea5ddd09c3,Supply,33310.53491836714,80680.50908314131
Abidjan-ef95aea8399b,Demand,114242.34146375323,11143.98932951
Abidjan-ef95aea8399b,Supply,53127.075750308315,36988.341315843056
Abkatun Terminal-e054acbce2af,Supply,72603.61014751327,34317.09112646307
Abu Al Bu Khoosh-bf7cab492b9b,Supply,235800.699983236,44417.169350987424
Acajutla-9e6d3e562992,Demand,65968.04656968362,76455.41119033334
Ad Dakhla-e4ef831f6712,Supply,76180.04181644543,45866.95801925847
Aden-0150d4fee758,Demand,84614.820030674,29236.657922503186
Afia Terminal-39319bbba149,Supply,43792.34629271363,25952.405656227766
Agioi Theodoroi-7d3292626911,Demand,34150.85117983119,70729.54712732427
Agioi Theodoroi-7d3292626911,Supply,58841.20156088093,52240.11147323756
Aguadulce-f392c2c62fc6,Demand,102549.094099292,26405.12406458072
Aguadulce-f392c2c62fc6,Supply,29579.935783182606,68038.00733820547
Ain Sukhna-1a3e7c53d691,Demand,153505.94312410252,26761.176509100085
Ain Sukhna-1a3e7c53d691,Supply,65060.71230510327,29196.02338140921
Akita-219577441025,Demand,70330.56059310999,20287.106521454596
Al Basrah-1fc976f51917,Demand,141906.8876213543,25404.759554755747
Al Basrah-1fc976f51917,Supply,66606.65926683659,55606.05129555491
Al Muajjiz Terminal-e69352f09461,Demand,63526.07474268879,65745.42653481869
Al Muajjiz Terminal-e69352f09461,Supply,86784.12769487961,45443.866861820476
Al Rayyan Terminal-63332acc77de,Supply,114259.67668999927,31556.0112192025
Al Shaheen-a874751f27d5,Demand,133271.31649075783,28263.15621675511
Al Shaheen-a874751f27d5,Supply,114049.26714391253,111057.69711522905
Alexandria-25fd86a43725,Supply,82104.34832237822,34213.723053928996
Algeciras-f1a4cd999637,Demand,65360.44020389519,28890.44254704776
Algeciras-f1a4cd999637,Supply,53196.27339143529,89620.54963948444
Aliaga-21b1378cef5b,Demand,139554.51462138214,18603.099127023754
Aliaga-21b1378cef5b,Supply,76524.87751128266,32927.636840619656
Alliance-c82ad425b780,Demand,120991.56460455304,28690.075949379458
Alliance-c82ad425b780,Supply,74145.51467108585,20074.48060706478
Ama-34f12b4c6a17,Demand,72587.2518968834,51320.10204684654
Ama-34f12b4c6a17,Supply,143005.57481472645,84568.23922073946
Ambelaki-f95bf05978df,Demand,104222.85486211914,21165.03395809988
Ambelaki-f95bf05978df,Supply,39682.57187708339,44799.06448977444
Amlwch-6eee8273399a,Demand,90000.8230404049,81109.13561833369
Amlwch-6eee8273399a,Supply,115158.01488016087,16003.418248033184
Amsterdam-a65eb5b59856,Supply,100576.102323447,100029.78044618267
Amuay Bay-5e4554330016,Demand,107194.02476094135,59733.06499008384
Amuay Bay-5e4554330016,Supply,138302.1892721065,26152.43804881919
An Ping-e585fb95bd8e,Demand,69619.61499181595,97833.03560402144
Angra Dos Reis-d87b536f17a4,Demand,73023.85649518395,31212.20831666562
Angra Dos Reis-d87b536f17a4,Supply,44919.33419343024,82398.95507570953
Anholt-246b0793176c,Demand,137089.84798409432,19519.94573725082
Anholt-246b0793176c,Supply,44737.992434392916,26889.574385445383
Anse Tombladora-1a2328b8249e,Supply,73582.73561381547,30882.046787930463
Antan-a36fe373d14d,Supply,97933.92374190694,21105.37769477096
Antifer-d5d78c86794b,Demand,48113.89102795844,32040.058699966376
Antwerp-03800591867c,Demand,57040.03739383567,40405.45709711704
Antwerp-03800591867c,Supply,87521.81719051738,43440.77195872011
Anyer Lor-41852ba9c84a,Demand,115766.56296733819,40933.61717012827
Aqaba-e84221d81a14,Demand,146554.36285700416,21550.27175351133
Ardjuna-d97dccde6b8e,Supply,107380.27412005176,29280.790128601522
Ardrossan-8bbd0ea8f7b5,Demand,138904.36966987312,76663.40962973754
Ardrossan-8bbd0ea8f7b5,Supply,35006.4679835471,69848.91380296086
Argostolion-b076142a4144,Supply,173561.56255850117,20586.837395454728
Arraial do Cabo-b054cfd95b71,Demand,42423.60175363311,100361.45075043461
Arraial do Cabo-b054cfd95b71,Supply,44442.26109869345,30393.69360188734
Arrecife-51da4f6c5723,Demand,102932.51256498806,92348.73271701699
Arzew-4edb5359fa3e,Supply,95872.03798361655,24502.40878126087
Ash Shihr-578880cc7d3c,Supply,89298.84940857816,32478.010575481818
Ashburton-c47dc19835ce,Supply,64062.98771206144,34034.51511587775
Ashkelon-fd167dd07904,Demand,107520.17167380798,48791.79542859827
Ashtart-1a30d67c61b9,Supply,140561.17738859256,25973.448233201096
Asnaes-db5dc2dfd9d6,Supply,146030.3379622584,110981.84576906686
Aspropyrgos-24a155d8c02c,Demand,65910.7576336219,29053.16136653065
Assaluyeh-6ac34a3404e7,Demand,263217.6440770243,72490.77498925304
Assaluyeh-6ac34a3404e7,Supply,36135.99625147943,29724.693040758797
Atapupu-01acb336185f,Supply,59958.65326831482,90105.98204005053
Augusta-facbcc9badd3,Demand,36274.875435438196,32509.364250771694
Augusta-facbcc9badd3,Supply,126388.50170491773,27998.310997582423
Avalon-9dcfdaa2a4cd,Demand,61794.70648323499,74186.81536019465
Avalon-9dcfdaa2a4cd,Supply,54673.36917725314,31876.0884488713
Az Zawiyah-55a0bc1ebc27,Demand,52633.56398497146,64032.10580945299
Az Zawiyah-55a0bc1ebc27,Supply,80997.00241436192,25075.739539808263
Bahia Blanca-40a025c02835,Demand,25734.42167512192,24863.689161712722
Bahia Blanca-40a025c02835,Supply,47721.372205563275,35617.673199225486
Bahia Solano-723a94ced88c,Demand,77522.08264126783,75654.30388037447
Bahia Solano-723a94ced88c,Supply,49339.27484186126,36550.82015471036
Baia Do Ambriz-f4742dd26d85,Supply,48229.97649452174,39500.2422591166
Baia dos Tigres-486c1244464d,Supply,133765.0899642727,30282.2809974613
Bajo Grande-43af8c97bb52,Supply,35342.869371445726,33822.64664804821
Balboa-9c622572e868,Demand,34831.23789644252,42054.305541868824
Balhaf-acb13478c949,Supply,72370.93553944433,41816.36801167499
Balikpapan-5fa8d362a22a,Demand,167155.544308156,33712.15293324576
Balikpapan-5fa8d362a22a,Supply,66782.55720409367,66165.24747563023
Balongan-1fd4b61205b9,Demand,64315.77720478529,86092.16742786136
Balongan-1fd4b61205b9,Supply,100161.00051890059,27731.268810171383
Ban Ao Udom-d8ec7fa8f70d,Demand,36616.62280391804,99353.7086670062
Ban Ao Udom-d8ec7fa8f70d,Supply,128485.271046044,48755.43782783162
Bandar Abbas-ce830646c7b4,Demand,85811.57756851254,21991.556200869458
Bandar Abbas-ce830646c7b4,Supply,91287.3888346643,58318.14110142346
Bandar E Mah Shahr-b3a8f44bd40a,Supply,69177.62485208632,34950.19159895392
Bandar Khomeyni-469b12bf5317,Demand,68758.50435015687,25790.225555313264
Bandar Khomeyni-469b12bf5317,Supply,194878.19929482896,18561.441865856134
Banghazi-8cfcf0a3b699,Supply,88977.84283770982,95157.4328038932
Baniyas-2767f0e61d83,Demand,155824.75766566012,29375.680282905734
Bantry-a03eff11cb26,Demand,55365.75950213269,47336.67125644659
Bantry-a03eff11cb26,Supply,109894.81815100183,28107.832796658502
Barbate-dd2d95f36a72,Supply,83346.71456905275,23428.569328013906
Barhoft-78b54c170ecc,Demand,99176.2894114578,72410.97804373367
Barhoft-78b54c170ecc,Supply,51289.39739235809,33901.4578070951
Barrow Island-b4dc6226b554,Supply,41168.946285554885,36059.85268041111
Bashayer-5e903d6d5c2c,Supply,104161.39230434665,43311.602580467275
Bata-b6159c5149fa,Supply,169950.96876217675,54182.64872386181
Bataan-377c90243a7a,Demand,95866.98807000773,63529.454701993585
Bataan-377c90243a7a,Supply,74056.07631710965,14045.861330737212
Batangas City-599a4ab12ead,Demand,39328.810016409676,23788.730404534992
Batangas City-599a4ab12ead,Supply,73649.08747949798,81099.70340146887
Baton Rouge-1866b408e4d1,Demand,228243.91193764444,35798.93999166673
Baton Rouge-1866b408e4d1,Supply,151636.4258472286,24752.621426918435
Batu Ampar-c13dce863ef5,Demand,68167.80742263075,50769.398964973814
Batu Pahat-a352e0bacf9e,Demand,73372.57568251433,80367.66128336737
Batu Pahat-a352e0bacf9e,Supply,74936.89293990041,94892.76872551836
Batumskaya Bukhta-673ddbe4e080,Supply,205872.66107330783,67121.82559715692
Bayovar-c615c58ed79a,Supply,114829.03069022692,39229.281207861626
Baytown-0bbc5d394cf2,Demand,87342.48486383959,37780.357237580094
Baytown-0bbc5d394cf2,Supply,80352.04376247126,20198.37659628963
Bayuquan-2d56aa4f17ec,Demand,25128.910605353365,92862.66088967893
Bayuquan-2d56aa4f17ec,Supply,79847.72010562177,48459.35871110421
Beaumaris-08ae971b5c71,Demand,140784.55654798928,31626.024080801428
Beaumaris-08ae971b5c71,Supply,144007.90161308975,106377.40845270899
Bedhampton-cd5a6e3297a6,Demand,77022.21612172516,74406.96466963859
Beilun-16a7df7c1e03,Demand,100299.228811518,22797.024256804067
Beilun-16a7df7c1e03,Supply,68458.56954450245,41845.04481534177
Bejaia-27cbf19e9922,Supply,77211.91155289665,14128.42822051498
Belanak Terminal-fdbee8594eac,Supply,76630.160535256,81447.39139681116
Belawan-83191c2a3b22,Demand,77990.89660890787,26541.581638361244
Belawan-83191c2a3b22,Supply,70203.83884929238,78279.15986585229
Belle Chasse-d4dbce12087d,Demand,46468.27327010302,36430.4567792138
Belle Chasse-d4dbce12087d,Supply,139586.22557584103,47860.72580878269
Bellingham-82d03680a0b3,Demand,118912.84442770827,36994.97006980971
Bellingham-82d03680a0b3,Supply,57996.10391791448,42748.61960548029
Benchamas-12dbefd04f36,Supply,92411.07880816015,25489.13220037828
Benicia-2b89d641c94e,Demand,50163.98666257709,71436.91960416421
Benicia-2b89d641c94e,Supply,59109.30369943023,30341.292796939197
Beryl Terminal-fd1acfcd9ad2,Supply,59086.280969733525,31944.23506760586
Beykoz-753956718b0e,Demand,54375.09157209965,11225.272845577158
Beykoz-753956718b0e,Supply,89722.84512792854,58154.329789816235
Bilbao-8ca9c71dff9e,Demand,211812.00654905743,39684.52756987841
Bilbao-8ca9c71dff9e,Supply,224642.27226205342,81705.05964841318
Bin Qasim-80d463699f40,Demand,80796.9567046959,53438.94860530205
Bin Qasim-80d463699f40,Supply,96643.17473878597,24973.01735829634
Bintulu-9138ac0a6d36,Supply,54974.13573875633,37093.977309998634
Bizerte-7acaf9640d06,Demand,74235.5907712467,42510.07993705454
Bizerte-7acaf9640d06,Supply,160842.65077564592,44847.489995602555
Bonny-775a4af5a5d0,Supply,86343.78697874323,95652.3163794555
Boothville-58c144c740f9,Demand,133603.8956637657,85264.6485666301
Borssele-de0808e9fb6b,Demand,127978.66915617524,23875.433006374824
Botany Bay-e95064e7be7a,Demand,136089.96114358713,33000.263685661506
Boulogne-sur-mer-24b4a8d53d38,Demand,115330.83224136365,57794.81273706767
Bourgas-16d93a3bfdd3,Demand,123958.03316166764,29210.547295135264
Bourgas-16d93a3bfdd3,Supply,66737.56626262919,19371.530482499147
Bouri-58e9b14b246d,Supply,132830.78814483742,79514.32928807374
Bozcaada-66352f54629d,Demand,48193.23837348426,28711.288429114764
Bozcaada-66352f54629d,Supply,201062.21702608775,31094.18602920495
Braithwaite-b1d8281d4bdb,Demand,66500.94689420465,33974.21375319812
Braithwaite-b1d8281d4bdb,Supply,37542.767283773384,45520.03556582221
Brass River-514a6c5295d8,Supply,167784.31531758222,30902.971188326035
Bridlington-7a14825d8088,Demand,117374.33331350025,15493.067434048477
Brisbane-2fb2da59f3d2,Demand,44266.548041926595,59606.195040981525
Brofjorden-8f0115714312,Demand,52451.19422788368,63675.049731018255
Brownsville-03c37f9d341d,Supply,70135.66635107342,30646.5504651416
Brunsbuttel-04769aa33742,Demand,67135.6721182811,59714.19405873832
Buenos Aires-5bd47f0ab4c0,Demand,87551.14310724038,30816.539889953303
Bukhta Vanina-3afcf26fbc36,Supply,267404.89302532177,59887.71177199841
Bullen Baai-4c584f3701f5,Demand,49087.37352362895,83882.94636298719
Bullen Baai-4c584f3701f5,Supply,77446.90212503236,29099.370116952377
Burnside-9cb1bffd1db9,Demand,57189.61044579553,24899.091109182846
Busan-de280da8be4e,Demand,105528.44360625316,54461.67613003665
Bushehr-f81f1081948c,Supply,86932.56337103288,34167.41027846879
Butinge Terminal-f297ef573599,Demand,50381.302144478585,26189.172209605866
Cabinda-459ca6a07faf,Supply,135978.04895573386,38500.43206977083
Calais-37c741d0d905,Demand,141599.95072672813,29233.427204455915
Caleta Cordova-d38c32cf43d2,Supply,97140.71000788029,38146.333106123006
Caleta Olivia-e52e82965ea8,Supply,83881.10124910224,28693.172289660088
Caleta Paula-700d0c4f0c4f,Supply,46731.19222558357,28350.4169013308
Callao-324582de5e88,Demand,88530.81555530352,99622.43495490486
Callao-324582de5e88,Supply,65835.5455441459,48181.74175232643
Canuku Terminal-f70399be83e6,Supply,53030.31700798531,85109.02288723418
Caofeidian-29498c3cc308,Demand,50958.48297327923,31483.552826759966
Caofeidian-29498c3cc308,Supply,110598.37399976018,25207.303119097287
Cap Lopez-96c15e5e9e71,Supply,105751.9270104371,28252.203074727964
Cape Comorin-a3ddd23d6cf8,Demand,43809.96299554102,96585.30905544125
Cape Comorin-a3ddd23d6cf8,Supply,46122.8509702157,77105.56314151778
Cape Henlopen-e6bb66ba06d7,Demand,56631.92786600729,71337.64611781461
Cape Henlopen-e6bb66ba06d7,Supply,100428.0262488349,8363.162377409351
Cape May-485c180b3d95,Demand,91350.72918790234,85042.19129870547
Cape May-485c180b3d95,Supply,75335.39042272643,72236.23569748386
Cape Town-991a024cbdf1,Supply,86841.7661984581,36211.04141211411
Car Nicobar-b5a690362da1,Demand,45753.88104301081,74356.72737358589
Car Nicobar-b5a690362da1,Supply,60191.02546309299,82081.23663790616
Cartagena-4232156d91ca,Supply,257431.5452362513,32170.68065911899
Cartagena-c83bf0dcc291,Demand,92461.29729847037,89989.59091692428
Cartagena-c83bf0dcc291,Supply,71706.11040248061,13030.99017854392
Castellon-08c2845d53fd,Demand,90851.27963548452,96277.72576855464
Castries-21a3c522ed78,Demand,61368.80816019379,21119.553987574633
Castries-21a3c522ed78,Supply,68042.87130412784,69226.90029255934
Cayo Arcas Terminal-b6b6e0d459e4,Demand,228760.10849064897,26248.529317180753
Cayo Arcas Terminal-b6b6e0d459e4,Supply,37973.96861282866,36314.99359625399
Ceuta-e2de790bdd0f,Demand,79668.91550596716,24868.10092072455
Ceuta-e2de790bdd0f,Supply,142863.93120650572,13500.518907807165
Ceyhan-3b530c868db0,Demand,54564.714566376904,101791.66090691728
Ceyhan-3b530c868db0,Supply,99774.36819098536,54208.24370199417
Chalmette-195ea9ec9b9d,Demand,39705.60109748224,29401.922780194112
Changxingdao-5c16d1a2a8e9,Demand,130805.6325220652,20622.51782077076
Changxingdao-5c16d1a2a8e9,Supply,222789.81132886896,81502.55878239196
Charco Azul-07e1063ddabf,Demand,146280.83443497666,36620.21549467356
Charco Azul-07e1063ddabf,Supply,52369.95229291563,21697.463767846344
Chennai-b824911cec6f,Demand,21423.279627914842,91527.0592956675
Cherbourg-61cd5e165c61,Demand,48577.42530796291,19694.884354261827
Cherry Point-69fb11f0514e,Demand,114626.69403887929,61519.97237402535
Cherry Point-69fb11f0514e,Supply,74148.40324300477,20972.23391574941
Chiba-6cce4016be7b,Demand,100407.060464533,77694.98182941633
Chiba-6cce4016be7b,Supply,60064.1358560009,26009.3311017538
Chiriqui Grande-4479d7260a3a,Demand,66600.24024986787,111179.0131440917
Chiriqui Grande-4479d7260a3a,Supply,33570.34710777252,34263.703268169724
Chisepo-478015b7d098,Demand,42432.2664875306,69227.49527709586
Chisepo-478015b7d098,Supply,205467.90834618302,24902.249203479227
Chittagong-68f7430b285f,Demand,92276.88458843462,92585.28128678609
Cienfuegos-b7bb7d28b57f,Demand,133884.67840465117,77983.15350380664
Cigading-b43a4e1b01ee,Demand,106813.60619925804,16454.616280103943
Cinta-3a938c039496,Supply,38025.50008400823,27738.045170675803
Coatzacoalcos-230dbf9a65a3,Demand,69018.12891507533,51595.519563361755
Coatzacoalcos-230dbf9a65a3,Supply,69265.72580579242,25350.731824038783
Cockatoo Island-e15fd694df57,Supply,98569.62749409609,14479.248252795516
Coden-32c1141edbaa,Demand,125585.39521027949,29505.917182416793
Coden-32c1141edbaa,Supply,30671.809583873168,37985.85283010409
Collo-118a9d1325e2,Supply,80571.98666098024,55923.95392248167
Colombo-04104bbca75f,Demand,112596.21945151607,68983.34061839292
Colombo-04104bbca75f,Supply,121809.92978399705,40489.80793173253
Colon-c99513f17c23,Demand,59597.60795477517,73285.16272152332
Colon-c99513f17c23,Supply,84078.85756194191,67931.41668236363
Come By Chance Harbor-84989c92b9a6,Demand,35999.50477879856,98698.47494215552
Come By Chance Harbor-84989c92b9a6,Supply,54571.47087912326,91083.41670419899
Comodoro Rivadavia-9d8471f8614d,Demand,63136.72048825936,71594.68844793866
Comodoro Rivadavia-9d8471f8614d,Supply,92175.16380165296,15324.539781687694
Conchan-b7b91348d404,Demand,59098.34926947281,88925.48114035263
Constantza-8640b9ce4f82,Demand,80319.93635280049,23884.69207576324
Constantza-8640b9ce4f82,Supply,43162.47243550837,70465.61045307161
Cork-5b70e0e2edb0,Demand,178133.16887430186,43105.057424299564
Cork-5b70e0e2edb0,Supply,80012.15857461398,86985.1721969202
Corpus Christi-7a30d31f121f,Demand,199732.4636485908,97273.21357569957
Corpus Christi-7a30d31f121f,Supply,86429.11454322979,15266.862273096578
Cossack-71584b369f53,Supply,65882.13270593851,83693.191414222
Covenas-76285da2ae54,Demand,70584.3406972425,45502.4282670038
Covenas-76285da2ae54,Supply,87316.54216925675,33564.80510391454
Cowes Harbor-492fd1fcdad3,Demand,112206.03177060182,95991.34751183406
Cristobal-7a0a146c6f4c,Demand,95328.54696364932,37429.81647814541
Cyrus Terminal-7929470e34f7,Supply,95961.45141024866,18891.45682318085
Daesan-5e616be98516,Demand,85979.90483948457,73472.53203975613
Daesan-5e616be98516,Supply,115051.1109284,38517.0925804395
Daishan-8d1d2ae11d71,Demand,123221.39504442015,26595.97035610067
Daishan-8d1d2ae11d71,Supply,63938.495747802,26404.244085245085
Dakar-c995aa8a2b7f,Demand,46190.911584574504,63639.88032549502
Dakar-c995aa8a2b7f,Supply,153967.95287451986,15013.820175641935
Dalian-641923403d46,Demand,31631.77708361816,21793.4982004285
Dalian-641923403d46,Supply,55863.82350130531,34442.03246111424
Dampier-0770da9372ac,Supply,70295.00911620284,50126.02589092537
Dar-es-Salaam-9761ca3cc83c,Demand,66215.64125222944,18294.51447233315
Das Island-6bbe24b74298,Demand,79554.72386099627,38596.98980873158
Das Island-6bbe24b74298,Supply,72384.97147946716,40353.22019551964
Davant-8ed4143ccb1f,Demand,85992.36684604577,79808.03141175056
Davant-8ed4143ccb1f,Supply,41065.4531664463,93869.68861785096
De Kastri-152e8b122f41,Supply,108779.21013050436,28095.20571505034
Deendayal (Kandla)-cb8c572f1f7c,Demand,136848.74518328262,31295.63879529106
Deendayal (Kandla)-cb8c572f1f7c,Supply,56355.149904975326,36338.55674961508
Delair-c0288683f54a,Demand,27334.11305614511,21798.35474470491
Delair-c0288683f54a,Supply,252911.02691068457,98831.50772661429
Delaware-b7084da9a089,Demand,170188.2360790051,58544.394915378616
Delaware-b7084da9a089,Supply,79986.5058885141,29031.001508263857
Delma-ebf81718f685,Demand,110023.54248805348,21139.748000306587
Delma-ebf81718f685,Supply,62306.491837995636,69870.02461228461
Destrehan-3e0eb54ab1e0,Demand,118478.43206936153,35847.59648818609
Destrehan-3e0eb54ab1e0,Supply,117345.89361310122,65084.625105079365
Dibba-63aec6d8d867,Supply,86192.25613225455,100446.72350275355
Djeno-e44e1a5065f3,Supply,71082.10201732013,43758.64670342685
Doha-334c3d200e3d,Supply,105546.30692918859,84069.62702636934
Donges-29e6374381eb,Demand,63836.75019914254,14521.797748704628
Donges-29e6374381eb,Supply,53595.095108986854,42090.61974318863
Dongjiakou-192facca7a0e,Demand,210224.82503427422,34391.02458516047
Dongjiakou-192facca7a0e,Supply,66211.12060668353,34558.66724676663
Dongying-5b327b4206b2,Demand,117227.66418890122,28815.69777057161
Dongying-5b327b4206b2,Supply,101921.08679094746,40342.014373913546
Dortyol-c92e8c6577c4,Supply,248875.99076089676,38360.529111669806
Dos Bocas-51ae87032a0e,Demand,60107.31184842472,84148.19561566821
Dos Bocas-51ae87032a0e,Supply,130529.95034716434,56323.163820701964
Dubai-dd89e73f6ea8,Demand,62024.39300114705,25275.460458494454
Dubai-dd89e73f6ea8,Supply,39854.10455619083,44795.04944587055
Dumai-2e7d15752dc3,Demand,67667.28296625701,19730.96428880145
Dumai-2e7d15752dc3,Supply,36049.82324414398,87525.03472680024
Dung Quat-6cad81c97377,Demand,61325.00295969507,31450.332799319338
Dunkirk-b1108d988a99,Demand,53489.72981161362,48502.74543485447
Durban-2c15a692c2d1,Demand,69450.45502523654,69228.59636168476
Durban-2c15a692c2d1,Supply,77484.9014874996,12564.571251247145
El Hamra Oil Terminal-c68ec7f166d6,Supply,52958.672198179105,77477.85020468078
El Palito-45b3dde23b18,Demand,42752.39420003684,34050.457694765
El Palito-45b3dde23b18,Supply,168869.62778041174,79429.5441151338
El Segundo-44e37d0a9803,Demand,151709.201332214,55995.73081448422
El Segundo-44e37d0a9803,Supply,80292.45656119859,12126.256991356613
El Tablazo-8969089cb572,Supply,73012.21974212222,33314.12912790041
El-adabiya-794d933b1efe,Demand,32806.01353734019,100922.0853155466
Elevsis-fbce199af529,Demand,81097.19408190316,38460.66180387576
Ennore-c2e869988696,Demand,46224.63704127124,17506.90855550095
Ensted-599085667443,Supply,105696.96051520288,106240.50358713804
Erawan Terminal-18706d4ae0a3,Supply,62050.07336781057,41147.433347238635
Es Sider-7b388828f370,Supply,176515.80847397094,17935.325959528393
Escombreras-8ff2f5149d51,Demand,66057.16248517344,30519.16033373378
Escombreras-8ff2f5149d51,Supply,47615.91895173726,45990.52854153773
Escravos-d10fa4d128c1,Supply,58219.306407183736,39168.22428661561
Esmeraldas-2296c98900e5,Supply,64842.8067932283,32184.28760257445
Espevik-a06db0b14de5,Supply,167943.68674252913,33059.008174695824
Everingen-b13bb9bb37c6,Supply,211894.5845759691,68123.25668612547
Exmouth-8319bd3b7298,Supply,164567.99877265553,53716.162882256045
Eyemouth-c92fdb008442,Supply,75200.7889042972,33938.604743318065
Ez Zueitina-df251b334fca,Supply,99541.04679748093,24364.55511690647
Falconara-dded61335358,Demand,95907.3291587001,18215.5193074871
Fanara-d8097cc33917,Demand,70838.78762154139,98657.2112899354
Fanara-d8097cc33917,Supply,97179.05152055432,28511.337159175884
Fangcheng-e432e416e141,Demand,52796.72587021534,26237.734667418936
Fangcheng-e432e416e141,Supply,60478.28824410256,31117.438898389246
Fateh Terminal-07b4753abaf1,Supply,138299.64606511788,34300.05585125329
Fawley-a9deff035346,Demand,122924.82886501618,27800.280695607195
Fawley-a9deff035346,Supply,52030.487112452836,52867.81126719562
Fedje-7d42a4d15909,Supply,51100.16411568877,30268.34858583624
Felton-75d2c607efac,Demand,223246.58389589746,22327.126230179285
Ferndale-202bfe1fc498,Demand,51863.279961240565,20009.84947886168
Ferndale-202bfe1fc498,Supply,82666.56880259314,56160.530189889054
Ferrol-95cf5ab44ffa,Demand,59658.41679145021,103859.65980539544
Ferrol-95cf5ab44ffa,Supply,80635.27515027492,89004.87983872705
Finnart Oil Terminal-68b4bb1f9d17,Demand,113967.61454981785,77511.3514370809
Forcados-344ee102e813,Supply,92338.2949804717,99013.46258632538
Fort De France-e336039d97b0,Demand,47675.52318537462,78324.42453051801
Fortaleza-5baebe8b4683,Demand,32352.094411977952,27974.618755156767
Forties Terminal-758cde43cb57,Supply,71977.1072230427,11239.580893501074
Fos-a89094aa52c0,Demand,231650.02427917396,26851.956216910065
Fos-a89094aa52c0,Supply,40037.42749187759,52374.40868946204
Fraserburgh Harbor-6dfcea86689c,Supply,61921.58562146214,50651.47773492588
Fredericia-2ce2fe57cad8,Supply,125801.29205563586,30549.137274836565
Frederikshavn-09d8333af9ca,Demand,185080.1178307149,34812.54087287537
Frederikshavn-09d8333af9ca,Supply,106634.67513482053,61031.768287868
Freeport-3415bc29dc8c,Demand,157950.58164897014,28541.145763092376
Freeport-3415bc29dc8c,Supply,82054.8841556765,12037.815686783222
Freeport-fd2e0532af21,Demand,126144.78520047019,34202.37678832218
Freeport-fd2e0532af21,Supply,81567.05047815965,25835.750374288404
Fremantle-4a5c2747a538,Demand,49432.8021145262,17724.368701121457
Fremantle-4a5c2747a538,Supply,262135.82291325653,14595.842204963563
Fuik Bay-bf0ab432d8f5,Demand,39291.956698630565,112680.44849574624
Fuik Bay-bf0ab432d8f5,Supply,77981.46013493458,104383.60236847609
Fujairah-ca26fade3b91,Demand,83283.56706556665,31188.13061556048
Fujairah-ca26fade3b91,Supply,56432.62428303786,13693.216888561092
Fulmar Terminal-dd94ed4fe8fa,Supply,82028.06807687445,28026.97283572353
Galeota Point-0c028f687ae9,Supply,103027.73539526179,83191.67968490378
Galle Harbor-5d159c090d3b,Demand,35708.55931628913,34220.08155182015
Galle Harbor-5d159c090d3b,Supply,105750.51724413228,82274.56132818855
Galtby-cc4d98f09f61,Demand,96041.66065172042,27952.689810457887
Galveston-80916f3912d8,Demand,108055.00465284858,22262.033212630347
Galveston-80916f3912d8,Supply,62132.140160433584,45733.28074376242
Gamba-1049c893b584,Supply,139304.84278321368,19910.31108999985
Ganyu-b9e49bd08429,Demand,245175.6508625406,19316.755937986713
Garyville-04c030e40e80,Demand,41681.08542780354,33299.534646000015
Gdansk-34ceedb9667f,Demand,140703.85252100608,22339.922146053148
Gdansk-34ceedb9667f,Supply,58049.070025784364,27988.413336248042
Gedser-86f23e05be91,Demand,156677.51273926112,14423.823272574657
Gedser-86f23e05be91,Supply,86115.05958346515,31476.316137121055
Geelong-80cda7bf3ed2,Demand,97702.4959670986,42649.3613258259
Geelong-80cda7bf3ed2,Supply,92738.46164521338,20266.215642408864
Geisum Terminal-715734f5be45,Demand,69708.14336779325,72787.03185652333
Gelendzhik-4f847e0e589a,Supply,43055.122052964805,89505.72634547856
Gelibolu-15f5e85c3281,Demand,99424.43473674404,29397.877278909946
Gelibolu-15f5e85c3281,Supply,46910.19313292575,42305.08861501346
Genoa-65f8cdf3c546,Demand,66965.19058547482,36047.79410328524
Genoa-65f8cdf3c546,Supply,97538.58727172007,24980.484882283425
George Town-1221ebf98ef5,Demand,125150.55461267779,99712.67019772182
Gibraltar-1fcc4603c786,Demand,35111.406591974875,28600.783529437427
Gibraltar-1fcc4603c786,Supply,49216.330123199215,80024.2756167949
Gombe Beta Terminal-c62d043fa5f7,Supply,83191.55126755025,20852.980638019424
Good Hope-431d3b6c8970,Demand,54270.51711900609,16434.31190774909
Good Hope-431d3b6c8970,Supply,41777.9993278523,21862.338401526664
Gorm Terminal-6743587d7141,Supply,58734.12758927274,57327.69579355148
Gothenburg-de0033e99214,Demand,79617.09838865623,22112.204118890146
Gothenburg-de0033e99214,Supply,201769.46121075397,29095.517128712614
Goto Oil Terminal-bc3f343bfee1,Demand,118377.66507840874,84074.40556579849
Goto Oil Terminal-bc3f343bfee1,Supply,39612.240266315515,17166.75591969895
Gramercy-f85565631382,Demand,81724.19407403962,27386.11086259864
Gramercy-f85565631382,Supply,45570.48268542821,85846.66795920044
Grand Cul De Sac Bay-8f457aa4d65c,Demand,74554.91853723595,22341.148816989185
Grand Cul De Sac Bay-8f457aa4d65c,Supply,179406.5450443924,67718.7947399466
Great Yarmouth-b48776078bc6,Demand,43866.120068189164,36110.7034366042
Great Yarmouth-b48776078bc6,Supply,88552.08308749931,92083.98405950042
Greenville-91bdcff51488,Supply,71171.61774984484,44783.74924322861
Gretna-b35f7810ad7c,Supply,105111.45597263786,54413.73108789844
Grimsby-d6f49c2e1bad,Demand,67987.47631778807,56094.08651276709
Grimsby-d6f49c2e1bad,Supply,102505.50511810652,30487.304925002893
Gryphon Terminal-c60fa19a5389,Supply,89592.34369665808,72682.37816245653
Guamare Oil Terminal-0c8a73f24606,Supply,116362.0637335908,16007.428546429725
Guaranao Bay-80e98c0db688,Demand,126425.02626240006,18412.870941344794
Guaranao Bay-80e98c0db688,Supply,69621.93304196768,51433.92639355897
Guayanilla-422800078285,Demand,58623.39089738764,39886.50452267691
Guiria-f17a49448be0,Supply,59826.65329378427,82504.35055653818
Gulei-276457416195,Demand,92124.47735013619,26107.112791527667
Gulf Gateway-e0932031b5b6,Demand,75286.21027950339,91430.05486529222
Gulf Gateway-e0932031b5b6,Supply,103671.99485545319,14668.329519118197
Gullfaks Terminal-58491a793280,Supply,53399.658462154344,25332.177155838355
Gunsan-6a244100846b,Demand,209130.57369553688,87975.3446212503
Gwadar-38dd638e81c2,Demand,56696.9830914774,42711.199495495144
Gwangyang-11ecb2ca4f7f,Demand,97085.35930712758,30276.90831319796
Gwangyang-11ecb2ca4f7f,Supply,45234.96894303112,33332.24114258413
Haifa-3a42a4f6784e,Demand,64700.632032780806,84140.7995341107
Halsskov-67355b8e1ffe,Demand,76840.40168436621,41359.15216094047
Halul-b31f44d24105,Supply,72317.99570402493,92594.31096498047
Hambantota-597b12547c60,Demand,177174.99516174223,76124.85897331747
Hambantota-597b12547c60,Supply,229443.7152371103,25367.405813476904
Hamble-253db081b2ef,Supply,261858.2093256252,27784.207130703777
Hamburg-063772b8f28b,Demand,31580.226461820283,78216.37713410622
Hamriyah Free Zone-2f684e795984,Demand,163953.7536908645,71054.85745936986
Hamriyah Free Zone-2f684e795984,Supply,43030.43162853588,92458.85860399592
Hartlepool-3ef4e9aa5ca8,Supply,110501.88893994786,27754.629685030664
Hastings-13abbef165b1,Demand,70335.16915109371,13015.589061143171
Hastings-89c8c399cf20,Supply,23027.33407368528,33246.6478872185
Hasvik-6cb08609d706,Supply,215706.11774912267,48620.478111733486
Hazira-5289b55a7b2a,Supply,104973.67457059814,38317.01640551096
Heidrun Field-f189358c23bc,Supply,61441.02048314013,61993.21956746919
Helgoland-c47a1ee22838,Demand,237427.2731045197,75714.54769781427
Helgoland-c47a1ee22838,Supply,32776.661345119595,96730.23981823555
Hempstead Harbour-2bf2cd41bbbb,Supply,47919.573557482334,68168.6884887155
Hidaka-780e273f0325,Demand,39254.81901894286,37590.321073289466
Hitakatsu-c69c95ac77ac,Demand,62064.000456572816,24477.81308350869
Hitakatsu-c69c95ac77ac,Supply,95927.51877924414,21590.809034634447
Hong Kong-0c90bc71ba92,Demand,87426.81739969846,75830.56454218812
Hong Kong-0c90bc71ba92,Supply,66059.27017550127,9410.31395320109
Honningsvag-7b9b43d5fd04,Demand,43124.77068118308,33935.402614292725
Honningsvag-7b9b43d5fd04,Supply,107547.03781727911,54205.45002747912
Honolulu-c946080c104a,Demand,68711.305607661,41292.79068818517
Honolulu-c946080c104a,Supply,79268.96895834107,32941.336617438574
Hososhima Ko-a8c3b1f57b21,Demand,49889.167601926405,29818.81549391829
Hound Point-199882e34b06,Supply,145005.11400761118,80435.40446555504
Houston-453dd058edad,Demand,61317.76658428932,54431.01104185106
Houston-453dd058edad,Supply,39340.69042675669,37662.07123627082
Huanghua-501489ae5cef,Demand,85140.27190433035,83010.65576757079
Huanghua-501489ae5cef,Supply,33760.446621483155,24221.90604412597
Hudson Terminal-6bffa5cfeb7a,Supply,80752.6428228485,29604.610650356975
Huelva-8b415901e849,Demand,74195.83712534934,52964.56603757844
Huizhou Terminal-5f8d257641f5,Supply,61830.168377044494,32558.00692473586
Huizhou-59dc66ffb6ae,Demand,89184.61293399999,41301.89241719366
Huizhou-59dc66ffb6ae,Supply,70183.94312505127,33346.056459469124
Huludao Gang-a3da10e3c819,Demand,181253.32299465808,79600.38166851518
Huludao Gang-a3da10e3c819,Supply,65776.5238881338,32841.57954910547
Icdas-bdb5025eb89f,Demand,61532.4707153981,27518.476095416743
Icdas-bdb5025eb89f,Supply,47500.43982507409,74220.27247988072
Imam Hasan-5e2120e8c00f,Supply,102500.91150568123,37643.24235588159
Immingham-03154ce774bb,Demand,106132.254873322,30000.584385772574
Incheon-e1adfc095464,Demand,66104.40601017632,75714.77813783262
Irako-640c479c6310,Demand,112469.5566032537,10077.03056432058
Ishigaki-db841a8241a4,Demand,89605.43116295559,89059.60888534584
Isla Taboguilla-18cc376c453a,Demand,47180.66359124382,30680.000012604087
Isla Taboguilla-18cc376c453a,Supply,92972.38862988012,28425.71270709652
Istanbul-5b38615ba682,Demand,75576.45124585675,34577.81423432626
Istanbul-5b38615ba682,Supply,76905.99120911359,27274.311213839766
Itaqui-c457a428c3f7,Demand,82331.7088202479,36512.28071182394
Iwakuni Ko-3ec9f7fd5723,Demand,85788.31838217327,23953.172564868022
Izuhara-ee439c3cbfc0,Demand,50143.915526118595,62845.63064868541
Jakarta-9cac7206c0ef,Demand,67465.36390278883,14282.55053495711
Jakarta-9cac7206c0ef,Supply,29699.518492894353,36940.13727470244
Jask-1817bd28cf9f,Demand,54044.563511123546,27737.71665665108
Jask-1817bd28cf9f,Supply,60714.09101987662,27335.86898440025
Jawaharlal Nehru-61a68ba39082,Supply,40939.63183079339,97105.28484070569
Jazireh-ye Sirri-ae52aab2f31b,Supply,39253.704102875345,49284.63557183782
Jebel Ali-c5a22157b696,Demand,107348.48306225853,18776.351040557725
Jebel Dhanna-4c73169e04bb,Supply,66903.10500604888,34941.327511845404
Jeddah-17dce7ee2e7d,Demand,54010.169329922086,76846.1813841285
Jeddah-17dce7ee2e7d,Supply,96550.27540504652,96388.8858482808
Jeju-04d83fba8e92,Demand,62216.0127462345,92650.12742956348
Jieh-a3c0fd89df46,Demand,123648.2515364074,15703.330158671162
Jing Tang-d63c27036294,Demand,98726.14486137452,89138.88371047244
Jing Tang-d63c27036294,Supply,99989.77104507785,32460.790387932317
Jinghai-cc7e1300b78d,Supply,67407.01259985192,78707.95837618948
Jinzhou Wan-15248fa643b9,Demand,68641.21842313225,88220.81965048694
Jinzhou Wan-15248fa643b9,Supply,47985.69353955225,34268.09515489274
Jizan-2b3fce189dd6,Demand,61463.59842342394,9563.295592307966
Jizan-2b3fce189dd6,Supply,86335.46584105148,35860.52787786498
Jose Ignacio-5cdb9d8087e6,Demand,147832.82711469356,100500.04622350192
Jounieh-6929b1988d12,Demand,43518.968921773965,79034.10913613203
Kalaeloa Barbers Point Harbor-fb6ec6d1b3e5,Demand,68079.05889152965,43460.78201110515
Kalaeloa Barbers Point Harbor-fb6ec6d1b3e5,Supply,128507.49854295955,35489.49810223559
Kalamata-017d361a10bc,Demand,63463.72066434588,62911.777654579906
Kalamata-017d361a10bc,Supply,90806.20557166387,33916.50579105473
Kali Limenes-4a137f39ea06,Demand,99038.55989301817,63360.63216267719
Kali Limenes-4a137f39ea06,Supply,91382.25987607415,34131.68485254877
Kalianget-b25d6300cd99,Supply,107455.11738894976,13542.380276202699
Kalundborg-8a215b9131f6,Demand,55439.09561994161,26997.97285291399
Kalundborg-8a215b9131f6,Supply,108246.23979471876,50933.09736933889
Kanokawa-23e6c8f81685,Demand,105510.14567432781,24147.328282256996
Kaohsiung-744e8721bf8f,Demand,39278.591635872,88603.03859323481
Kaohsiung-744e8721bf8f,Supply,50318.97151115736,33637.81376322119
Karabane-105ea04156fc,Supply,49689.36012426275,26950.84837708273
Karachi-d8f24cbce54f,Demand,65201.53436060977,69271.67092616473
Karachi-d8f24cbce54f,Supply,45858.88889062139,37185.15508709461
Karimun-129f2fb1bc00,Demand,178387.67689189993,38548.8329377505
Karimun-129f2fb1bc00,Supply,100230.01695728097,24112.916544860658
Karsto-4ec9bbc93551,Supply,34105.750387612956,24057.93556101034
Kashima-8e7e597c2046,Demand,109307.92861235622,22385.147144697647
Kashima-8e7e597c2046,Supply,147077.8248639192,40242.27979280048
Kawasaki-3c5642389c14,Demand,39840.36841168813,96252.32816273606
Kawasaki-3c5642389c14,Supply,51214.70014261928,29031.032248711785
Keelung-ebeced683cfa,Demand,72586.0830820796,36450.43879157032
Kemaman-89e3dab4fd9b,Demand,226398.34944306262,32887.79996706155
Kemaman-89e3dab4fd9b,Supply,105044.20744271854,38280.2645210374
Kerteh-f886d5933d0d,Supply,73864.90183546458,76516.57857489033
Khalij-e Chabahar-327779f694cd,Demand,97583.58576144221,29879.809181032557
Kharg-15622ded90e9,Demand,81220.07109170406,34723.24650780289
Kharg-15622ded90e9,Supply,139614.77163095845,26852.173676318445
Khasab-567c7511ef5d,Supply,149459.13091679983,45829.78178103989
Khor Fakkan-6317b39e2dcf,Demand,132956.5797317979,72468.16618580572
Khor Fakkan-6317b39e2dcf,Supply,127891.80781358246,25630.98748160061
Khor al Amaya Oil Terminal-12c9d445a32f,Supply,62570.78031002278,27356.899824008968
Khor al Zubair-6ac463d74ecd,Demand,79681.20758844324,89397.16881127293
Khor al Zubair-6ac463d74ecd,Supply,179686.25389759208,34243.707934072154
Kiire-c1d11e2429fa,Demand,85836.38918541925,40359.21695100336
Kiire-c1d11e2429fa,Supply,78072.13766247324,32167.6522353618
Kijang-07f52d1400df,Supply,169105.60775734828,24356.206572916042
Kikuma-8856c476b731,Demand,17104.189688457533,89195.60445664135
King Fahd Industrial Port Jubail-c2b2fbc77ff4,Supply,132690.5401628772,56461.159002053515
King Fahd Port-34821f7aa799,Demand,93300.7338383389,25420.54680371189
King Fahd Port-34821f7aa799,Supply,105539.13288451768,68700.68214563034
Kingston-24bf0b1e7a21,Demand,122083.0021676257,16238.994335207846
Kingston-24bf0b1e7a21,Supply,177581.10072506606,28915.070052612664
Kirkenes-4b38b4662083,Demand,93374.7045752276,55248.904157755205
Kirkenes-4b38b4662083,Supply,95422.28559250172,43625.81653719666
Kish-e64f0503522c,Demand,110793.35979069784,82006.56905488076
Kish-e64f0503522c,Supply,43352.31269394741,35254.81858285093
Kithira-44cd4008ceb1,Supply,86671.36300847118,89429.58554218456
Kittiwake Terminal-7a36c7a7c2fd,Supply,139334.73156662227,45925.87879979788
Klaipeda-0d30f18498ba,Demand,62646.25165818019,54798.17214990348
Klaipeda-0d30f18498ba,Supply,162090.3523161152,24750.646117296583
Klintholm-5fd12c0b2425,Demand,87495.73811589528,23788.914936686746
Klintholm-5fd12c0b2425,Supply,51609.7583857952,72096.0676497884
Ko Si Chang Harbor-272da3f36a5a,Demand,62697.19102068876,88972.96470522614
Ko Si Chang Harbor-272da3f36a5a,Supply,84607.21454249379,21243.958289912996
Kobe-979d4b8273a3,Demand,51201.51820068718,28310.253023366306
Kochi-cc7460ea0c71,Demand,124644.27077142951,8866.638603464547
Kochi-cc7460ea0c71,Supply,97077.87452622972,89781.2596329207
Kota Agung-84a3447ce3f6,Demand,98286.54339166707,60898.07070397209
Kota Agung-84a3447ce3f6,Supply,96650.57778058772,23628.076496642723
Kotka-1240173c5e40,Supply,63068.14373406321,60561.58910770037
Kozmino-62a166ce6f35,Demand,131523.28181733243,79111.77625551364
Kozmino-62a166ce6f35,Supply,92751.35576238461,67249.34458799558
Kralendijk-b24e8ab8457c,Demand,35570.21651538834,40638.661013258476
Kralendijk-b24e8ab8457c,Supply,85377.32618296023,23205.57787818977
Kribi-0d18ef4d8b20,Supply,88538.40443876307,78802.75199864933
Kuala Langsa-957e6e4a28ec,Demand,100075.94138082599,41968.437324381455
Kuala Langsa-957e6e4a28ec,Supply,48686.87444001106,30267.863998535402
Kuala Linggi Intl Port-6425839cf0d6,Demand,105739.13616989781,59937.9386149297
Kuala Linggi Intl Port-6425839cf0d6,Supply,81525.97419376521,67421.2222550107
Kuala Tanjung-1aa47709b95d,Demand,58760.8393400972,72745.38383446794
Kuala Tanjung-1aa47709b95d,Supply,60924.71270971202,41248.609915138535
Kuito-2ac15f568c8e,Demand,79685.33295030233,27285.507985439195
Kuito-2ac15f568c8e,Supply,45745.62950115635,40754.679214629316
Kukup-739aed8dab99,Demand,79412.42814321796,77891.35328220161
Kukup-739aed8dab99,Supply,99298.18091405403,32585.30730018554
Kulevi-76c1817b32b4,Supply,97560.95973571214,27802.250902386433
Kumul-d1c90b85ecf3,Supply,219190.6640107321,94301.90586281338
Kurihama-150096464713,Demand,67776.08878224266,38372.85052719228
Kwinana-e56ccfd3aeb7,Demand,86931.07453022155,71949.40789760725
Kyaukpyu-025759676013,Demand,55630.165536351175,79790.19538401256
LOOP-c19184b7b547,Demand,108085.08310521611,86381.96621679974
LOOP-c19184b7b547,Supply,134174.3157421933,12286.45646097675
La Coruna-0a44300307c1,Demand,68693.18803523295,28275.083271563264
La Estacada-30ea10c184a9,Supply,73173.46702675655,31974.41052918616
La Paloma-38165a549d3a,Demand,70243.96281696344,62680.924809212534
La Paloma-38165a549d3a,Supply,23117.741092623644,60975.16878359551
La Pampilla-c82280ceb8a0,Demand,79863.52266690196,43932.39169571664
La Pampilla-c82280ceb8a0,Supply,126818.96892109177,40611.63651498962
La Place-3db5c3c7bf08,Demand,51611.844865161474,105257.61259574944
La Plata-c06d7cba9b45,Demand,114722.48279736271,66031.44472489809
La Salina-cac490186639,Supply,23342.34465287594,21529.058092381943
La Skhirra-ec363a356152,Supply,30003.517218208555,92522.29999716188
Labuan-7c41e61707fc,Demand,64814.538727226856,29718.118547842987
Labuan-7c41e61707fc,Supply,96761.85842270125,101250.71933561249
Lagos-47014fd09104,Supply,29049.2216064719,33255.832245032725
Laizhou-08bba6032811,Demand,66229.21176344198,24575.499507932585
Laizhou-08bba6032811,Supply,77222.1065213388,41763.950592839145
Lake Charles-8a861dedd10d,Demand,141467.30128378727,39388.639213038805
Lanshan-0b14723fa397,Demand,102264.0105037521,16556.78093200342
Lanshan-0b14723fa397,Supply,51811.56384209299,55611.27086223315
Larak Is.-56c401139f36,Demand,31219.579390151324,30896.661695006977
Larak Is.-56c401139f36,Supply,45173.93239771828,24708.31908047137
Las Minas-5762ea6ccd2d,Demand,76765.75201289634,34966.67438676087
Las Palmas-5d1a8657373a,Demand,32485.543147257373,23316.897602132798
Las Palmas-5d1a8657373a,Supply,65262.89217034374,76478.78556728465
Lasawei-611eb914887d,Demand,78862.81552346966,31788.54371846348
Laurium-0c1bd8a6c6dd,Demand,175238.31268685238,65471.654217185016
Laurium-0c1bd8a6c6dd,Supply,62732.34789614964,34177.410990950375
Lavan-192e73959889,Demand,50203.10337377381,5332.297938723226
Lavan-192e73959889,Supply,117721.42767566784,18060.358555942898
Lazaro Cardenas-43bf0fb63d65,Supply,61616.60403666713,31681.657564709705
Le Havre-4c8da7f30f05,Demand,239070.573401572,41693.486379702495
Le Havre-4c8da7f30f05,Supply,97053.03218643225,25130.087661151952
Leixoes-3deb77dbc15f,Demand,61463.57960558736,31246.293095064117
Lerwick-4daad61c0abb,Supply,64569.609483803244,40987.16455919265
Les Escoumins Harbor-3f35dc3969cd,Demand,117214.7660152421,34672.148742416
Les Escoumins Harbor-3f35dc3969cd,Supply,25744.77887233233,22158.711242745525
Levis-10811e84a7d1,Demand,97707.35064466114,20240.13178524703
Levis-10811e84a7d1,Supply,58250.57159861617,37718.96127507291
Limassol-2e76e2e5ad30,Demand,158689.04382738826,32409.911054443968
Limassol-2e76e2e5ad30,Supply,40700.85273267216,9760.549469861062
Limboh Terminal-69a91073e2a8,Demand,48284.95045495587,72502.38057200068
Lirquen-19715cc8d779,Demand,63545.20635212191,64860.85851333504
Lirquen-19715cc8d779,Supply,47887.74767596967,36767.312053976355
Lisboa-0860dd02e960,Supply,89283.12695797962,81804.21814501745
Little Burin Harbor-bff5378de381,Supply,159442.7839247011,22329.674037886332
Littlehampton-0ffdc4e1fdd5,Demand,128231.08349243324,100426.66462595697
Liuheng-c7395faa59ca,Demand,87590.66404928427,37659.30260154008
Liuheng-c7395faa59ca,Supply,224760.2799547114,38182.58469345217
Liverpool-74c10d29bf7f,Demand,65376.43078260643,34463.18792588865
Livorno-706a305f41ba,Demand,54752.17405119399,19824.235421585094
Livorno-706a305f41ba,Supply,76736.44493136174,56702.57873138294
Llanddulas-aac8bb8548dc,Supply,64614.952125668555,19551.936091753298
Lombo East Terminal-f25cc6a7ab2b,Supply,56590.56917620443,30856.800561872173
Lome-ac60ca402042,Demand,48763.85645743553,17974.201182389024
Lome-ac60ca402042,Supply,63385.442105892456,30326.18977627488
Long Beach-4c3082f54073,Demand,39954.612042537105,45773.28825873718
Long Beach-4c3082f54073,Supply,91341.95002797604,32118.437022668848
Long Harbour-f1a2f89d1d91,Demand,157363.24041176966,78726.65201395385
Long Harbour-f1a2f89d1d91,Supply,124694.71432496072,20301.98640404692
Long Pond-b2e644d428b5,Supply,116945.42600421124,20766.855111506113
Longkou-83dd447f48b9,Demand,147706.5891916807,88125.0179841532
Longkou-83dd447f48b9,Supply,109039.6557797307,17768.006642372442
Los Angeles-b69ef5ad9a4c,Demand,129553.93106919987,52055.310835715856
Los Angeles-b69ef5ad9a4c,Supply,97742.82217380368,15805.534626304181
Lowestoft-fa26f9b6e8fb,Demand,64916.85851413022,4591.503119222297
Lowestoft-fa26f9b6e8fb,Supply,54657.75675173586,107417.67010317215
Luanda-ca9aa21f6979,Demand,57840.31096795131,22997.91935535839
Luanda-ca9aa21f6979,Supply,68249.1634052115,75451.29497829422
Luba-7c3ce5a043e8,Supply,40920.56026056198,44150.108419438395
Lucaya-3d36bf68693f,Demand,57065.305687352244,22504.74722404537
Lucaya-3d36bf68693f,Supply,69096.17383459175,15539.634253141168
Lufeng-c78290742b89,Supply,87675.35140062188,34744.7551291261
Luka Umag-0e9383c97640,Demand,119486.26814813168,18510.341418086202
Lumut-3dba541680de,Demand,73057.62738672308,32592.853746700537
Lushun-b9d1b7664b30,Demand,71356.41962953159,33631.13158036307
Lyness-b0a6e09ce2a9,Demand,101300.55822345997,31580.33272102386
Lyness-b0a6e09ce2a9,Supply,109547.14713998251,86322.72392077216
Macae-04cbbcf288b4,Supply,96553.02035003118,28865.58601344806
Macduff-60ed9bc1ed62,Demand,50889.75664289645,33643.13435398668
Macduff-60ed9bc1ed62,Supply,98680.61231570182,18322.34755060441
Madre De Deus-1d2feb9c4dd5,Demand,125993.3401939082,49180.401056802344
Madre De Deus-1d2feb9c4dd5,Supply,100399.43163220405,14905.602933389773
Madura Terminal-9e5b960103f1,Supply,110923.34294117296,19758.351965808826
Magpetco-c6d4b432d715,Demand,88460.06570007029,39360.12827492249
Magpetco-c6d4b432d715,Supply,107695.34217004513,32838.026869682304
Mai Liao-4dcea326f7a3,Demand,91882.03874118836,37628.53312423121
Mai Liao-4dcea326f7a3,Supply,58627.74704833282,40367.494387922576
Makung-dba622fbac1f,Demand,67194.19719580669,15123.77697009041
Malabo-31e86d3dcbcb,Supply,47874.01980174729,23104.17948436319
Malacca-d424d47f4e04,Demand,51530.38235769755,34361.95884421409
Malacca-d424d47f4e04,Supply,99185.50946183712,78540.19471192884
Maldonado-1e4b751efa88,Demand,105609.23326241362,56552.82870574384
Maldonado-1e4b751efa88,Supply,60231.371077148666,26633.750311301774
Malmo-a3bc35ec1802,Supply,51350.97543369782,22280.801152205247
Malta Freeport-d3fb8c6279a1,Demand,110402.9377117561,89742.75721396088
Malta Freeport-d3fb8c6279a1,Supply,140595.31503407966,28881.508411263192
Mamonal-3f9fa4be84a1,Demand,43080.880653180124,64133.78831388545
Mamonal-3f9fa4be84a1,Supply,84615.49127543793,25925.50300113358
Manzanillo-e3f77d2cc736,Demand,89035.91978756098,47022.10335895354
Maoming-3dec36d49de2,Demand,85364.4413533504,82689.07694847514
Map Ta Phut-202fdc862c4c,Demand,90435.47375559308,11926.932924132176
Map Ta Phut-202fdc862c4c,Supply,82412.97094721186,44654.61819239897
Maracaibo-9c00abcf4d8a,Demand,179347.14553975197,48030.726159577534
Maracaibo-9c00abcf4d8a,Supply,68909.56801421985,51646.99249811842
March Point-2b6c25829a80,Demand,87505.79480665279,17379.611098406796
March Point-2b6c25829a80,Supply,82500.01739625604,57375.081168592136
Marcus Hook-9826103388b5,Demand,84787.38637292942,32823.0030309037
Marcus Hook-9826103388b5,Supply,51933.371976671544,51171.411637764686
Marmara Ereglisi-b53ee56ec9d8,Demand,87768.78991270537,26286.511856280304
Marrero-5646d4d00bdf,Supply,112736.00902456608,57033.862204685276
Marsa Al Hariga-915f1727d69b,Supply,63454.987099308295,86124.66740641669
Marsa-el-Brega-47896c91db43,Supply,42822.956165557334,47119.6298424254
Marsden Point-fcb0af7daf9a,Demand,96281.55874143864,58840.31633902863
Martinez-3b2eed3fba73,Demand,130186.72426652393,16111.74962563984
Martinez-3b2eed3fba73,Supply,86635.85895513711,30813.681249473386
Massawa-7c22a25024d3,Demand,84667.58828471931,25973.85238322469
Massawa-7c22a25024d3,Supply,44850.56471512083,19837.22312588607
Matanzas-0c7cf8ac0c2c,Demand,73163.23063957963,68287.05695252599
Meizhou-c47a793b6d55,Demand,48082.0306646676,74697.40413235387
Melbourne-b02fe931e82d,Demand,73357.16298619234,29426.714289637795
Melbourne-b02fe931e82d,Supply,35210.22048151567,19773.08026474383
Mellitah-f0d1246755ae,Supply,114473.51546929374,39786.76025518538
Mersin-96488f75954b,Demand,96604.33880895864,47847.97292536913
Mersin-96488f75954b,Supply,60371.786183174765,92188.52664662404
Mesaieed-a9436ca46624,Supply,230576.0952831524,28752.414959365593
Methil-e66612f17632,Demand,45810.47416344564,45384.5058327476
Methil-e66612f17632,Supply,73374.76135809759,26809.677026502526
Midia-3dfd7036f3cc,Demand,152807.295676338,39346.13192071189
Miike-Miyake-ef6584fefcde,Demand,94025.86311260313,27783.495137577556
Milazzo-fab25159eebe,Demand,53109.83447874435,53500.39984253546
Milazzo-fab25159eebe,Supply,47060.92782961602,31728.80133558565
Milford Haven-c669fc0bc437,Demand,70347.53585466655,5200.087180389627
Milford Haven-c669fc0bc437,Supply,48707.0755295604,83426.71817674262
Mina Abd Allah-32fa51f996b2,Supply,81401.43230564363,24828.83162004287
Mina Al Ahmadi Sea Island-98bd957bb207,Demand,47591.38924385632,12622.087017324648
Mina Al Ahmadi Sea Island-98bd957bb207,Supply,70313.50406763726,25956.671939350286
Mina Al Ahmadi-2d893ce729f6,Demand,54929.65128006037,88177.31546142999
Mina Al Ahmadi-2d893ce729f6,Supply,51577.18180439337,19085.970865972566
Mina Al Fahl-2478ba60dc4c,Demand,43114.13210008821,31874.79315780713
Mina Al Fahl-2478ba60dc4c,Supply,93746.77996606156,73212.94523050013
Mina Saqr-91789deda526,Demand,48375.11195248024,75010.8604569656
Mina Saqr-91789deda526,Supply,182058.82538031865,97654.47220453262
Mina Saud-512fccf68466,Supply,52187.88403810717,39684.77496118725
Mindelo-0db13e7faaf3,Supply,133805.42933112616,34468.8469990357
Miri-1bb8c2143a5b,Supply,65564.39020042183,17550.293488989086
Mizushima-972596797070,Demand,90554.67462062571,24680.16759541604
Mobile-17568e28e776,Demand,163604.81715459045,32365.44396741559
Mohammedia-9d281db1f7e0,Demand,81390.8373374688,26714.530745282125
Mongstad-8338fd2d4afb,Demand,52613.63182723821,34493.76282990529
Mongstad-8338fd2d4afb,Supply,204212.97178163702,86513.3846227376
Montevideo-e1e5b78ae3af,Demand,57775.98944366469,55424.4975389641
Mostaganem-442f884f1f1d,Supply,76865.73069420482,23893.524686266115
Mostyn-bac51b8666bf,Demand,90135.69303114562,22283.115076104157
Moudi-a9543110b4e5,Supply,37602.93879128255,77446.48233158611
Muara Port-d2c7fb7122af,Demand,22802.407844531674,20577.992813562087
Mubarraz Oil Terminal-440295344cd7,Supply,64200.583489118595,22373.940066656596
Mumbai-2401570c9a9e,Demand,76340.50952689776,20962.028432586863
Mumbai-2401570c9a9e,Supply,113364.30807879056,38423.96923857556
Mundra-77b0b5c9bfc5,Demand,34919.99908374651,22682.91153376503
Mundra-77b0b5c9bfc5,Supply,253039.38630664913,29107.34472532275
Murmansk-9908e9ea9558,Demand,48431.63652555057,27852.21249119586
Murmansk-9908e9ea9558,Supply,162795.59126042324,99721.88367493596
Muuga-98111e964fdd,Demand,81204.59073356978,17655.147342656946
Muuga-98111e964fdd,Supply,69512.52315363643,90205.12194029591
Nagasaki-7e87edcef775,Demand,114766.66373255881,27203.06893221074
Nagasaki-7e87edcef775,Supply,212789.1207876975,31772.090922927644
Nagoya-0273cf38f24f,Demand,57346.58868869136,46052.151963130265
Nakhodka-eaf8326ce14b,Demand,78743.78078780604,30499.15565292938
Nakhodka-eaf8326ce14b,Supply,55219.16996334664,17094.061907289324
Namikata-47315960812a,Demand,76926.06658982747,29372.902521680888
Nansha-30b0e011c238,Demand,225237.2943381184,51500.014023162585
Nansha-30b0e011c238,Supply,123378.77347151561,28274.88436809826
Neapolis-e3a053861e52,Demand,135407.68077173253,39941.01440771339
Neapolis-e3a053861e52,Supply,56311.18447432604,22122.630377196678
Nederland Terminal-aba03a4a335d,Demand,89988.26856262797,40068.96123478205
Nederland Terminal-aba03a4a335d,Supply,116345.7355579925,17864.106749632097
Nemrut Bay-e89f801cf7ac,Demand,61400.33652014778,32880.71375741432
Nessebar-a47f3d0c08c1,Demand,162781.27636091877,35346.04052726729
Neves-981d0a428655,Supply,44280.37166665658,39135.01086302292
New Amsterdam-bc809b3811e1,Supply,57007.61301160463,91195.40023342903
New Mangalore-db679cd54805,Demand,89854.61482310295,36252.333765142364
New Mangalore-db679cd54805,Supply,44120.03690820853,81839.19440592735
New York/New Jersey-8cd5e206ca6b,Demand,60251.27416092712,30977.20268754492
New York/New Jersey-8cd5e206ca6b,Supply,54489.56729957936,31451.077298669858
Newhaven-1163ef20f7e0,Demand,67735.53103307675,24346.377952962728
Newport Beach-a7f62131303e,Demand,158933.88561285526,59888.449456769566
Newport Beach-a7f62131303e,Supply,65107.08815099886,58103.16665624246
Nghi Son-ee0978a45495,Demand,67953.13299373082,26359.016007353992
Ngqura-56172ec93945,Demand,36117.738760567525,15555.986195163476
Nicaro-631a50aefa47,Demand,89152.94821929553,113522.63193831092
Nieuwpoort-43a962e9aa39,Demand,42257.300796231895,25347.67451702371
Nieuwpoort-43a962e9aa39,Supply,74527.14513974784,30419.74927676535
Nigg-d550ac3d0b8f,Demand,70708.54519738382,39532.86902901226
Nigg-d550ac3d0b8f,Supply,65859.36523943125,25583.50573404605
Nikiski-9d186f9b4554,Supply,126531.15132763483,33191.945640699305
Nipah-d6661f39660d,Demand,63296.92640811225,68401.23252084001
Nishihara-c446948844e2,Demand,138491.28016925429,47847.13147704756
Niteroi-4f72e75cb748,Demand,143447.32598377054,26330.389888207534
Niteroi-4f72e75cb748,Supply,58210.659917096214,61138.19673767278
No 1-a3f3dce2871b,Demand,85788.3413316273,36469.622272768014
Norco-37e4851cb966,Demand,29674.879091479383,70092.35434711089
Norte Capixaba-63d8032fd2be,Supply,47559.12293635522,34827.487034687954
Northville-2e33ffbc97a8,Demand,77919.9144102991,41665.66354213122
Nouadhibou-47c16e5fd8bb,Supply,59393.01720767909,19607.030920378245
Noumea-06b91e621e7c,Demand,34524.84027494729,83462.88963403126
Novorossiysk CPC-3b26a9570fd1,Supply,50445.3076621447,47987.510956415405
Novorossiysk-45a5021eee47,Demand,94344.02962589634,18510.130476720668
Novorossiysk-45a5021eee47,Supply,73152.58035964813,27973.442885734836
Nyanga-12d8f6a196a1,Supply,113430.00290877612,31369.04504088222
Nynashamn-cb97573cc92f,Demand,60575.144510243554,84325.31717324833
Odden-b7d736f50f00,Demand,53817.76592706383,38769.95651488578
Odden-b7d736f50f00,Supply,52175.83509854142,45109.23125416535
Odessa-0ecbd229fca4,Demand,74020.35881899725,46518.48065137465
Odessa-0ecbd229fca4,Supply,100367.48210766063,73453.05230891873
Odudu-b8f65d99c416,Supply,150507.420928399,29126.04120574998
Oita-d53c3f263e6d,Demand,146255.3963187226,13375.337116461566
Okata-b23de0969a82,Demand,39444.89582985556,35430.30586256861
Okha-bbd56498dcb1,Demand,95031.32709309665,49257.779855136716
Okha-bbd56498dcb1,Supply,70046.46327615828,45688.340049445615
Okinawa-49d614b5d6e9,Demand,70670.45262300548,79128.30767565803
Okinawa-49d614b5d6e9,Supply,89229.21869380941,67182.9276024083
Omisalj-89ece074914b,Demand,38991.5986210475,38061.104923289815
Omisalj-89ece074914b,Supply,28284.080405432287,70694.14397204707
Omo-6d353f446c37,Demand,93791.45010344108,52118.34274167489
Onagawa-0d3e08088a7a,Demand,35027.133182604244,28243.33661254991
Onahama Ko-7a3fed174612,Demand,58872.75458322515,44885.68286881095
Onsan-a7dc5f7a135b,Demand,43172.206490745346,66850.05640102038
Onsan-a7dc5f7a135b,Supply,154474.5432284726,27468.804246513922
Oostende-48dec42d65d0,Demand,53878.45470268895,66592.46187074592
Oran-6cbf14d6ae9b,Supply,35289.650978621845,24053.600507909257
Oranjestad-5fc0525971c3,Demand,183776.05028657615,26531.951225016943
Oranjestad-5fc0525971c3,Supply,63271.05200280335,92691.49912877368
Pachi Oil Terminal-a5df6199c9be,Demand,86421.04558129034,20711.29276702249
Palanca-bfff6a80e78a,Supply,62023.8390103851,95200.72286924448
Palembang-dd3c7a4a3537,Demand,66206.84468089193,19197.716218343776
Palembang-dd3c7a4a3537,Supply,61443.310886276835,52071.97301867931
Palenque Terminal-654496174969,Demand,74353.59248051133,24702.237769898977
Panama City-6a366b46b9bd,Demand,103857.75204025042,28274.28116062437
Panama City-6a366b46b9bd,Supply,42428.98605441797,67196.76637419872
Panjang-6ec3de3c55d8,Demand,69396.65710474677,29994.033116808107
Paradip-bbfab942f25c,Demand,83500.45198273774,17537.854940939913
Pascagoula-7c3cc504a701,Demand,96659.27912436472,17460.820777194018
Pascagoula-7c3cc504a701,Supply,216658.80595017015,78511.03724648291
Pasir Gudang-afa2862ca9bc,Demand,64127.329209877396,34969.162819724814
Pasir Gudang-afa2862ca9bc,Supply,130389.10506269473,27806.48778867884
Paulina-65688ac9480b,Supply,92359.36432341729,31112.612922752796
Paulsboro-b860100abb51,Demand,83419.04224440473,22251.952757551153
Pecem-19e976efca40,Supply,65589.63484205154,42683.26311801585
Pelintung-a3284c716c14,Supply,78157.86432380717,25322.504088179703
Pembroke-c44d85ab621f,Demand,73506.96926657364,38181.71488867164
Pembroke-c44d85ab621f,Supply,107260.09656291075,26378.315939722303
Penara Terminal-d7cc9807a741,Supply,110038.80414452517,28254.129978437697
Penco-7e69146a18ac,Demand,134980.61889633827,13649.362085581733
Penco-7e69146a18ac,Supply,161633.5056667411,32082.12335100355
Pengerang-1ae97f4f549d,Demand,176321.45379657962,19522.279139055052
Pengerang-1ae97f4f549d,Supply,44784.77145165125,47717.38484378661
Penglai-67e1910b3b9d,Demand,80280.58222311131,42205.063691405274
Pennington-9b814f3f0f8d,Supply,138884.21401350887,32855.74607350838
Peterhead-1d608731f5b3,Supply,136545.26150119572,32486.42940832938
Petrochina Marine Terminal-197859dadbe0,Supply,56132.603986823844,21199.40986295691
Philadelphia-51672418fa6a,Demand,194105.76093462354,25271.596208147963
Philadelphia-51672418fa6a,Supply,211501.07483504218,35131.33704820818
Piraeus-c16ef333d5f0,Supply,58929.92535682604,21454.675788448327
Pivdennyi-2a9246bd7341,Demand,83587.2206269142,15722.701548423573
Point Richmond-0ffdde27d38d,Demand,65549.66250611073,92398.25998368574
Point Richmond-0ffdde27d38d,Supply,114355.87717537819,94439.91267718114
Point Tupper-f3e3e61dc2f7,Demand,74868.19955165163,49341.01774713325
Point Tupper-f3e3e61dc2f7,Supply,125692.64175766506,28286.71222749321
Pointe A Pierre-c31df0e03203,Demand,69740.20203756115,60131.954409838036
Pointe A Pierre-c31df0e03203,Supply,148093.7342698915,69217.99555334405
Pointe Noire-6d641be85e76,Supply,72000.7593945312,41958.71927841336
Pointe aux Trembles-e95b1231c0a4,Demand,48532.45380468291,35709.48495106994
Ponta Do Ubu-582fde5e4522,Demand,157365.60290030643,91946.34294234682
Ponta Do Ubu-582fde5e4522,Supply,60751.9267961202,23345.769034495213
Porbandar-380a662573a7,Demand,63294.37602710894,45636.08405010467
Porbandar-380a662573a7,Supply,109545.12807458683,42245.80569807842
Port Angeles-084976ad6a70,Demand,69314.1800656834,22340.558620244592
Port Angeles-084976ad6a70,Supply,127610.52125759043,38868.87081305021
Port Aransas-29a8105fada5,Demand,71346.65379802877,44793.25677752297
Port Aransas-29a8105fada5,Supply,147547.51405798306,27562.880755875307
Port Arthur-26aba1bc33e8,Demand,88797.52919909087,29816.994037879587
Port Arthur-26aba1bc33e8,Supply,115496.07595454938,106813.81012009409
Port Bonython-f61309eaca5a,Supply,58441.751586931925,30955.900254680633
Port Canaveral-42636cb5a3b7,Demand,106340.9070561893,6662.226220813621
Port De Salvador-f8855b05ba0e,Demand,39066.18315144233,60569.078978567566
Port De Salvador-f8855b05ba0e,Supply,253839.05417103338,14462.37354920952
Port Dickson-47b3d9faec98,Demand,53871.935131347906,28650.702846012548
Port Dickson-47b3d9faec98,Supply,77327.31181420707,50753.85591663183
Port Elizabeth-2813f670d2cf,Supply,115882.76162452754,80806.50127999132
Port Everglades-1f1d93739176,Demand,198512.05541062859,7872.125529875802
Port Fourchon-39947b92ce27,Demand,168585.38143710417,36447.499857173745
Port Fourchon-39947b92ce27,Supply,228254.65657407575,30172.876555574723
Port Hueneme-540f60da7884,Demand,52964.892639061625,13832.564225047705
Port Hueneme-540f60da7884,Supply,60419.69249503076,69494.22485276427
Port Ingleside-768a671ec8e5,Demand,111236.42250232075,32504.476437188936
Port Ingleside-768a671ec8e5,Supply,113362.42582781259,53215.990266729845
Port Isabel-69b426430620,Demand,69300.13946552086,29867.902711758707
Port Isabel-69b426430620,Supply,69446.28788459611,34703.40849487379
Port Klang-083f09688b4c,Demand,76376.61532684286,63737.86365044181
Port Klang-083f09688b4c,Supply,94395.99394077588,94351.58703547598
Port Louis-086c06178a7f,Supply,103129.99938733049,26554.296343781363
Port Moresby-e02b8ef56428,Demand,182075.13053073903,31294.957629281547
Port Neches-b1543f00d56b,Demand,104564.20396655536,39839.37692475415
Port Neches-b1543f00d56b,Supply,82222.30531007473,28869.001438770032
Port O'connor-8bbd6bb0380c,Demand,75510.17382698404,38062.48905598526
Port O'connor-8bbd6bb0380c,Supply,147135.98645558828,28104.038698782984
Port Said-73e707725c62,Demand,97474.38175502473,24874.281705488174
Port Said-73e707725c62,Supply,52354.092838257115,69031.89631600391
Port Sudan-6d04a46dcc42,Supply,81955.28840437924,20749.88559128874
Port Sulphur-2fc90e4a048b,Demand,182650.1383008021,21248.64171962141
Port Sulphur-2fc90e4a048b,Supply,53246.92794397505,20524.917877010303
Port of Annobon-04ef05407850,Supply,40532.508159259945,76702.85777598512
Portland Maine-bb32d49f9edf,Demand,66836.03572772995,38985.83278921
Porto Acu-db9c1341eaaa,Demand,107947.41135896572,63039.702705795535
Porto Acu-db9c1341eaaa,Supply,70059.23255875659,33767.354515924984
Portocel-dd1fa02e9dc2,Supply,179397.49693038705,103116.25289963387
Portsmouth-5fe042cf526d,Demand,77628.87371512044,93618.81261388997
Prigorodnoye-556300b689ad,Supply,56653.08675182719,37862.967094358544
Primorsk-1745900bf09d,Supply,91304.40934576208,6802.555390058421
Progreso-c07ce3a81043,Supply,127262.68809764745,23990.391787584293
Puerto Armuelles-b7cc9a85245c,Demand,60427.83576080379,23282.420466336956
Puerto Armuelles-b7cc9a85245c,Supply,74928.49258504446,27119.550129267736
Puerto Banus-12e857644c1c,Supply,94440.43310351395,28634.396091422084
Puerto Carenero-275e38f214d3,Supply,53754.21789472883,85610.24951266298
Puerto Cortes-190c625f6973,Demand,91934.03893766935,48803.441407873135
Puerto Jose-bd9e62d67225,Demand,63363.91852899364,51357.21945417168
Puerto Jose-bd9e62d67225,Supply,34131.214182824064,75713.12263367124
Puerto La Cruz-04e122120f88,Demand,98860.56745181493,87697.373147244
Puerto La Cruz-04e122120f88,Supply,75817.5684621815,92035.92650432361
Puerto Manzanillo-31047163653d,Demand,80747.9284276636,23196.541624374873
Puerto Miranda-dfaaa9f47168,Demand,107253.96796369048,33038.63071308296
Puerto Miranda-dfaaa9f47168,Supply,80305.29853604063,35217.52557297002
Puerto Pedernales-89d8e8549b46,Supply,129755.87371507194,28572.43771017328
Puerto Rosales-945fc5e1ffa4,Demand,74549.99425827606,88320.29129106503
Puerto Rosales-945fc5e1ffa4,Supply,31702.10842569999,32679.773816659006
Puerto Sandino-875494a578f2,Demand,204703.6841128742,47716.4076412321
Puerto Ventanas-cac3a8f8b448,Demand,55823.889311411476,23739.917343339243
Punta Cardon-a3b8a4418174,Demand,137654.87021755718,95212.07720417857
Punta Cardon-a3b8a4418174,Supply,69817.05355722815,30770.840341752664
Punta Loyola-a4806fa850c7,Supply,52905.11464359815,89120.95933710165
Punta Piedras-e061feee7553,Supply,129762.123357891,106283.20716158452
Punte Del Este-c2678f3bb8e5,Demand,66464.222633623,53150.47557577158
Puttgarden-cfa37499f821,Demand,88865.6777569525,23659.686527951064
Pyeongtaek-0e39670a71f6,Demand,111501.08899914984,38798.29704569551
Qalhat-6ddf9bae4f6c,Supply,95608.37049404773,26298.723298540695
Qingdao-910e8b237492,Demand,35712.284166091296,13270.992535811967
Qingdao-910e8b237492,Supply,101420.61940153356,77238.19006033704
Qinglan-dc7e9ab52c44,Supply,55832.86046572113,22826.347169826826
Qinhuangdao-09efc9c7c0d1,Supply,90872.9527712497,26652.431268637978
Qinzhou-55f3f1f842bb,Demand,86524.67978768089,25223.891877485734
Qinzhou-55f3f1f842bb,Supply,37796.670308660825,18384.762456277578
Qua Iboe-cd7ce6d027dd,Supply,59438.09657964166,91778.23974908197
Quanzhou-69958f2a6f4b,Demand,119619.50780588685,75790.46402535989
Quinfuquena-1cdfa3923a92,Supply,70829.60170648171,14644.83685922089
Quintero-4b0992806f09,Demand,54954.544251178006,16208.512734044667
Quintero-4b0992806f09,Supply,156589.75306156842,85563.58300813875
Rabigh-4c7cf4448302,Demand,64020.96936752667,60146.67671309865
Rabigh-4c7cf4448302,Supply,198692.51660693297,24192.425779596997
Ramsgate-6d72c4317595,Supply,75493.15103980116,33411.80956470042
Ras Gharib-305f907eb640,Demand,68499.63337125283,16505.430328590668
Ras Gharib-305f907eb640,Supply,62606.64174703261,83321.80982482183
Ras Laffan-cb891923a010,Supply,83181.29173842473,31736.326479339088
Ras Lanuf-d961b870ccc1,Supply,78993.30170707483,41358.44769091768
Ras Shukheir-8cbc214c7efa,Demand,226841.6090103404,44869.77630916837
Ras Tanura-601e8fb13c3c,Demand,104441.39653597304,27027.97459698841
Ras Tanura-601e8fb13c3c,Supply,93392.35764509375,23255.27059895027
Rayong-3ff1a19509c1,Demand,174875.4657572432,31827.41317253156
Rayong-3ff1a19509c1,Supply,86273.98280527095,82566.72033782923
Rijeka-c859ae2c1617,Demand,128697.05523426514,26763.17586621957
Rio De Janeiro-ef2da6007e09,Demand,61473.64327673677,27129.472627484713
Rio De Janeiro-ef2da6007e09,Supply,216091.7027379121,13786.94980529554
Rio Grande-acd35aa33e60,Demand,48949.29625671946,37723.13319407669
Risavika-704d5c9901be,Supply,68469.93817250029,27366.867715010274
Rizhao-ebeadf61186b,Demand,85139.51458153612,82212.53924128282
Rodeo-8e7a19dc6520,Demand,71745.38027416056,28424.47910137943
Rosarito-06bc5c8b3eec,Demand,117555.00982858181,19805.2659212987
Rosarito-06bc5c8b3eec,Supply,113934.65207133794,87541.72777366158
Rostock-3757c4df2366,Demand,126726.49270252594,36621.84499963233
Rostock-3757c4df2366,Supply,70085.08627855802,70827.03923550415
Rotterdam-92c070ce8e92,Demand,38401.17420544341,35743.79904522343
Rotterdam-92c070ce8e92,Supply,38223.45476949387,7827.154079448706
Rovigo LNG Terminal-4c3e484e457d,Demand,116422.1669770724,34250.083850739546
Rovigo LNG Terminal-4c3e484e457d,Supply,47256.98616210226,43607.770533481395
Rozi Island-2d31e93a80af,Demand,97195.17076401331,12221.303873940155
Rozi Island-2d31e93a80af,Supply,63426.34738704006,91508.63457852093
Ruwais-1ef3a6e42f3e,Demand,115953.90604007714,12716.688492117211
Ruwais-1ef3a6e42f3e,Supply,145142.87710529636,65221.43894487694
Ryde-55baeddac00e,Demand,38392.1060590138,90349.77361043796
Ryde-55baeddac00e,Supply,45567.20384750287,69244.33735353804
Rye Harbour-7fdaa1afd4e3,Demand,54028.491131951756,68940.50846264685
Sabah Terminal-f96b052e46b2,Supply,144835.9649083792,22163.978654476585
Sabang-5d21d8589893,Demand,110450.32898992409,83208.3245682284
Sacomar Port-a4cafbecbd97,Supply,89796.2612783916,54172.367983462864
Sadat-9e690dd0eaf0,Demand,71672.9363025816,34503.13089746188
Sadat-9e690dd0eaf0,Supply,160843.1711210059,108608.00323391262
Saiki-e99fcec97afa,Demand,76426.40703840522,33014.10950374694
Saint John-99b5182a722a,Demand,101514.65437529949,29246.342306535294
Sakai-Semboku-c9b22e968c26,Demand,36277.90746931948,25003.853503788083
Saladin Marine Terminal-347c4826eab4,Supply,42366.82798941112,23900.07479093058
Salamis-db1e608fdaf0,Demand,118187.08931563243,45384.98667743293
Salaya-f0cd43ecdfdb,Demand,62862.371193373925,41729.039595434144
Salcombe Harbor-3e15227ecf9a,Supply,43071.103544824815,81793.72844728385
Saldanha Bay-74e231f7029a,Demand,36335.47563992863,15805.531929077619
Saldanha Bay-74e231f7029a,Supply,49552.4757066847,86550.17536444179
Salina Cruz-bef5961095f2,Supply,84891.26626608506,33973.91344205582
Salman-99b0595bd4d6,Supply,99795.49990971445,35157.2536236835
San Diego-3ec4fffd4225,Demand,100156.74257162487,41771.52691298052
San Diego-3ec4fffd4225,Supply,86842.63689976944,83283.30531129676
San Francisco-4df83263d680,Demand,102357.56031199808,26174.644783658132
San Francisco-4df83263d680,Supply,80302.66565943573,46877.573784550514
San Francisco-5cbd79283bad,Demand,57341.79816979172,51692.940130225936
San Francisco-5cbd79283bad,Supply,101984.29672161277,70932.95757365503
San Lorenzo-42507b58e7bf,Demand,90533.87389688652,23216.860402629558
San Nicolas-ff36bc1d90be,Demand,36666.15093142226,10633.244674048652
San Nicolas-ff36bc1d90be,Supply,125421.9946292683,60100.75691322553
San Pedro-0f135772b35e,Supply,109066.86468083081,18676.076151048073
San Sebastian Bay-61ff4b7d4540,Supply,101785.93918058515,31286.982620512183
San Vicente-37d45c87e8d9,Demand,50035.459268734085,27803.779414930174
San Vicente-37d45c87e8d9,Supply,54008.42061288652,15860.24392088289
Sanghi-05520d2f3b3f,Demand,61253.45541357293,34583.63350946867
Sanghi-05520d2f3b3f,Supply,130690.1476195511,20910.791655095454
Santa Cruz De Tenerife-e085fe41fd98,Demand,82368.06889684226,33915.22655248575
Santa Cruz De Tenerife-e085fe41fd98,Supply,28700.82947925751,15530.01945414532
Santa Panagia-efd40d901d95,Demand,104218.0846920206,81409.51535098576
Santa Panagia-efd40d901d95,Supply,45933.40713186302,69752.33190498973
Santan Terminal-9556d7983b63,Supply,89610.3209340008,84417.88751004868
Santo Antonio-cb00400ad4d6,Supply,65825.9731439577,59394.11618638551
Santo Tomas De Castilla-36a6bca53908,Supply,102737.63744580347,70470.78494035601
Santos-78f08d89b90b,Demand,62297.977770564794,74222.53021856518
Santos-78f08d89b90b,Supply,81687.35970034724,21994.57860241072
Sao Francisco-a1636f5a0ca0,Demand,45601.498975714996,24815.6655307312
Sao Francisco-a1636f5a0ca0,Supply,65986.72674407085,9463.105362185834
Sao Sebastiao-0bca302110e4,Demand,144483.57833099057,39406.458756284555
Sao Sebastiao-0bca302110e4,Supply,128681.92904984218,30190.381004794013
Sao Tome-d8d7b9acbc72,Supply,87889.51940205159,90029.14515681771
Sarooj-d08b728964a0,Supply,104394.66529900511,24356.218906833747
Sarroch-5e39efaa7d08,Demand,77933.23012696268,26933.062908242497
Sarroch-5e39efaa7d08,Supply,59279.79575438636,14895.507131091665
Sattahip-70f1ba9bab58,Demand,46066.47875763091,37565.41283570067
Sattahip-70f1ba9bab58,Supply,53673.942628879304,32241.312157429627
Savona-db69bf4d9293,Demand,49450.21152766455,26406.035745864552
Savona-db69bf4d9293,Supply,41063.55881719956,49125.426819336906
Scheveningen-390407975ccc,Demand,49576.53360584977,92415.50531231491
Scheveningen-390407975ccc,Supply,34909.837620198865,26777.79163997798
Seattle-0e8e26b0e307,Supply,110680.34120003083,28669.29064002186
Sendai-d38eada9633b,Demand,38480.00665642039,26844.76036073353
Senipah-46d51be78b14,Demand,150396.7016810608,45684.40922985156
Senipah-46d51be78b14,Supply,101594.89811796702,18896.61404263487
Seogwipo-e71a59ee24b6,Demand,218330.19785948412,58286.786542829104
Seria-f656b1790602,Demand,99478.29464462314,24158.120863201297
Seria-f656b1790602,Supply,260552.71473607197,21581.970857020562
Severomorsk-d6ae36680926,Demand,49708.75634395013,26527.59201232345
Severomorsk-d6ae36680926,Supply,104986.9040459281,35852.238951102045
Sha Lung Terminal-0d1fe7cd72a2,Demand,72315.08188353844,107426.56111223852
Shanghai-0939779c35c2,Demand,85781.88920411436,68248.16077508336
Shanghai-0939779c35c2,Supply,74494.52908424474,44114.03174854922
Shantou-c41625a6f27d,Supply,54190.23562379609,32217.591574111684
Shanwei-6e2c129929a4,Supply,85728.29912932315,53206.13955511697
Sharm ash Shaykh-16045f0f6570,Demand,76347.55929600059,30685.566777877622
Shek Wu-66cd7894b8bd,Demand,135377.13582071854,61336.12456541339
Shenao-048edcc3200c,Demand,79771.1223629455,12372.84116762324
Shenzhen-efd846b87115,Demand,145303.13784905476,90151.81351024192
Shibushi Wan-9ff6fc1396fd,Demand,80154.64813606134,30798.91339384367
Shibushi Wan-9ff6fc1396fd,Supply,159781.22796184686,37399.35885445563
Shidao-f39f4c14e009,Demand,63616.16189636348,69439.17927255003
Shidao-f39f4c14e009,Supply,48752.197739682335,58837.66265895583
Shih Pu-9432ef173b5c,Demand,119759.91496788424,42955.25791235022
Shimotsu-3d4c4b2e6f91,Demand,117661.09622141611,20637.367045428524
Shimotsu-3d4c4b2e6f91,Supply,79367.09814787623,26398.9957160245
Shisuo-f2a9d7b07860,Demand,125183.42238090193,34044.21499583243
Shoaiba-b2f055a8ad2c,Demand,100374.2202030495,39818.26698506941
Shoaiba-b2f055a8ad2c,Supply,95802.4097089296,23373.015151887186
Shoreham By-sea-539979e1dc61,Demand,55456.62086144668,32908.002043776316
Shuaiba-f453b0bc3593,Supply,53420.03217240556,53138.282466966746
Shuidong-023438863782,Demand,140108.04149254318,31088.407605809894
Shuqaiq-b93cf1301611,Demand,63628.805411635025,32303.12894710645
Shuqaiq-b93cf1301611,Supply,49395.12406771649,33911.99776625975
Sidi Kerir-552c943d8b08,Demand,245870.25898642096,52372.49536169767
Sidi Kerir-552c943d8b08,Supply,57125.81423360968,43071.771301345536
Sikka-2412f3454235,Demand,94076.77039703056,76448.49605386416
Sikka-2412f3454235,Supply,52536.84462593932,21641.22525233139
Sillamae-907fb7299dee,Supply,56626.97821210752,71761.79590551481
Sines-ab49749a9544,Demand,73262.4084063997,92018.67620379454
Sines-ab49749a9544,Supply,54565.07893584267,27567.874360389735
Singapore-bfe15a9e31a0,Demand,106780.19883464921,17167.57058550542
Singapore-bfe15a9e31a0,Supply,204180.32907154268,51768.644223562485
Siri Terminal-49364b130a93,Supply,113203.2562679222,45054.53483642521
Sitra-64d805f973cc,Supply,111859.99560702733,38827.653661246615
Skagen Havn-db9fa00eadc5,Demand,133953.5993930254,19563.396093682128
Skagen Havn-db9fa00eadc5,Supply,76241.24739511665,26090.72798222566
Skikda-d728e6dfae5d,Supply,37095.93981759353,27955.472756956635
Skoldvik-9ac362d9504c,Demand,67515.76660732273,32045.129707079843
Skua Venture Terminal-f21130fd8ee9,Supply,210070.06351022926,69765.90830037727
Slagen-7e8c12fa544b,Demand,53505.94399473634,52106.86429250436
Slagen-7e8c12fa544b,Supply,194919.05394675452,23958.59232414528
Smiths Bluff-8218c47cd56c,Demand,81400.95185890734,31924.800386137784
Smiths Bluff-8218c47cd56c,Supply,119648.9534361116,64527.8640781194
Smogen-6c00d509baec,Demand,46391.00199691213,15390.751395010207
Smogen-6c00d509baec,Supply,47697.29572059418,35343.04376584537
Sohar-96f03dd66949,Demand,115743.3738095992,47705.59450903476
Sohar-96f03dd66949,Supply,83189.5308772467,36715.899807685426
South Riding Point-3209f163c450,Demand,110543.63484799773,61972.393566290695
South Riding Point-3209f163c450,Supply,48740.604252532525,46281.584252440574
Southwest Pass-bcf54ac59c4c,Demand,79275.90396480981,30700.467795094082
Southwest Pass-bcf54ac59c4c,Supply,194554.92454478898,21298.183381132014
Soyo-Quinfuquena Terminal-5d7f58ba717c,Supply,42390.17601462926,24721.38580341298
Sriracha-6848d1a49775,Demand,64166.07390563779,64041.82260898149
Sriracha-6848d1a49775,Supply,130395.23622750827,31660.75056525055
St Croix-746521cb3acc,Demand,54163.38683310406,29517.730537701686
St Croix-746521cb3acc,Supply,81044.99369540198,40442.2443783883
St Eustatius-6d04d0582e89,Demand,60716.496961281664,25275.001613158423
St Eustatius-6d04d0582e89,Supply,47496.37730681157,12782.077192936615
St Petersburg-ee5cca05838e,Supply,45757.80573610216,11674.224041341244
St Rose-8366881db461,Demand,98179.64192836749,59300.00971573768
St Rose-8366881db461,Supply,98633.6617432691,63404.10321528634
St. James-f7d07a0501fa,Demand,109024.2632578775,36797.777005752345
St. James-f7d07a0501fa,Supply,75979.03979883868,65790.41189897705
St. John's-167371d92a27,Supply,68993.45333763957,47004.00527146053
St. Paul's Bay-173c82902bec,Demand,172632.92311818217,33530.85033675401
St. Paul's Bay-173c82902bec,Supply,77959.99407365864,19204.10384981188
Statfjord Terminal-4deb8eea9fde,Supply,67557.47661111096,88480.30998635181
Stigsnaesvaerkets Havn-121bc17e59e9,Demand,160598.41999436906,92314.68086084534
Stigsnaesvaerkets Havn-121bc17e59e9,Supply,66129.48153454435,34299.26070517542
Stromness-8f0bc183e5a9,Supply,150480.95480038816,14859.252521413493
Sture-306d65b12c37,Supply,154890.24055919042,97852.41869304636
Su-ao-5f52a1dad8f2,Demand,140882.26259859864,89704.0065652268
Suakin-b28c090bf93b,Supply,57968.06915285733,26134.14493530895
Suape-b993f91ea377,Demand,73817.59468944866,42023.84601837276
Suape-b993f91ea377,Supply,77824.3373378894,72115.03041410733
Suez-4ad378ddd198,Demand,92010.98260966575,69165.61929822744
Suez-4ad378ddd198,Supply,108755.87048807416,26276.61284319117
Sugozu-bb976476029b,Supply,128478.0423736948,47377.42558369006
Sullom Voe-ed67292751d4,Supply,80220.84095671441,81670.48272587996
Sungai Udang-fdc7302ba47a,Demand,55088.64592707613,38367.92109178872
Sungai Udang-fdc7302ba47a,Supply,45156.63199905915,85057.42482422928
Sungaipakning-1ef0d5d41b98,Demand,98598.26531381023,13559.693138223285
Sunshine-c11110d611dc,Demand,95314.86978413901,14958.870324943864
Supsa-4307a17898f5,Supply,61494.67638607239,29903.83311299991
Suralaya-5cca1a6fc7fd,Demand,117211.80950135918,23018.158516142514
Tabangao-9a48d0aac0d7,Demand,76908.91851601352,45104.286846390845
Tachibana-6f7f6a7dfe03,Demand,94790.95231233568,41902.42863733604
Taean-f841f4ef5a9f,Demand,249059.49280514175,36031.331934957416
Taft-04f575e5d893,Demand,109500.6975014856,25441.168156910706
Taft-04f575e5d893,Supply,26583.849029174253,67944.98312919107
Taichung-7354b6d28ef6,Demand,72264.22621333826,37491.35767131736
Taipei-5a4e0dfabd8a,Demand,191550.93768973424,54855.58106866952
Taizhou-12321b93d725,Demand,79012.80135902936,80878.67045656429
Takoradi-d0135296250c,Demand,52791.54331481871,40189.55947277889
Takoradi-d0135296250c,Supply,111142.26164864365,74576.19318510433
Talara-9c8afdbf5bad,Demand,48085.874395893356,24947.678913680502
Talara-9c8afdbf5bad,Supply,40829.889307212026,88989.62912637313
Talcahuano-f218806b0ec7,Demand,70552.12985640197,99113.13887149324
Talcahuano-f218806b0ec7,Supply,46163.607062138864,29118.43562682194
Tallinn-55e0541e5b2a,Demand,100146.12910560878,89002.41645467564
Tallinn-55e0541e5b2a,Supply,147674.77114101747,97789.7757289603
Taman-9f1125c5b4b6,Demand,132183.13302118756,69674.33777445345
Taman-9f1125c5b4b6,Supply,96023.43175736188,22542.406082249006
Tampico-d7f4205ad8ae,Demand,141099.66105681084,62508.73241104839
Tampico-d7f4205ad8ae,Supply,59519.60920995722,48457.36792503475
Tanabe Ko-e8301a091f19,Demand,54170.813713570155,27199.28598409241
Tangier-Mediterranee-20d2f2d15e0b,Demand,84091.81256071768,88673.338063005
Tanjung Intan-dcdffcad4714,Demand,68406.15714447084,31154.74587740724
Tanjung Intan-dcdffcad4714,Supply,224091.31236656196,53496.92535799163
Tanjung Langsat-306a4b339ba9,Demand,52382.14935616717,35927.13633328761
Tanjung Langsat-306a4b339ba9,Supply,131889.412011818,78555.13122586683
Tanjung Pakis-8e20d1ad4e27,Supply,90079.34828589958,34713.39793923423
Tanjung Pandan-fd7fe3aef696,Demand,99064.88462011432,48389.25998490837
Tanjung Pelepas-71ae886ba35d,Demand,86113.81082988494,27105.878606602357
Tanjung Pelepas-71ae886ba35d,Supply,91172.84367052976,27708.06096460321
Taranto-ede861548441,Demand,122773.51820502427,91490.91220144967
Tarragona-75e622055165,Demand,63423.239019716566,99679.00158747604
Tarragona-75e622055165,Supply,83656.01319406628,29208.42051471464
Tartan Terminal-268340876e53,Supply,91366.73867027235,61927.43297678342
Tateyama Ko-41c66a8c4ac8,Demand,267146.5077413828,35623.004099630525
Taura-2b5bd2d8ee2a,Demand,68135.74021737203,27435.577120577127
Tchatamba Marine Terminal-d624a7d093e5,Supply,69937.18646458781,39354.04700584572
Tecarmo Aracaju-a186b113ec8b,Supply,54215.00255082398,49106.16053771859
Teesport-736acdd7afa2,Supply,48008.005380953175,22555.22960557189
Teluk Rubiah-e4929c3bd877,Demand,40932.73002355238,27685.000358950856
Tema-ad7af47553e0,Demand,118251.6380890046,44573.161935745884
Tema-ad7af47553e0,Supply,178602.02144819734,74400.265621263
Tenes-bcf7a64fa258,Demand,125397.22395917332,116860.74505120491
Tenes-bcf7a64fa258,Supply,21545.07826024137,31171.03318771931
Tepre Terminal-1ae568886737,Supply,42334.279416676516,50944.35273981241
Texas City-28cb23375401,Demand,72526.82699542784,56446.200525889995
Texas City-28cb23375401,Supply,103874.32409149049,19413.307761868757
Thessaloniki-66e8437b5188,Demand,125732.74030196003,45069.453862677765
Tianjin-6fb346c7ceca,Demand,107716.22576323904,50665.654546756035
Tianjin-6fb346c7ceca,Supply,59573.64865373102,15578.006669338707
Toba-08f56e4aaa4e,Demand,173846.57431423495,77838.94536653679
Tomakomai-c94f864ced4a,Demand,107374.61266515867,37976.126346158184
Tomakomai-c94f864ced4a,Supply,71626.58491034982,22101.855719261755
Tosa-shimizu-e76ed49f73db,Demand,67553.29891515199,35517.64572667983
Tracy-69d17ddc9131,Supply,73646.53644810297,34520.90761548638
Tramandai-9708170895cc,Demand,114468.5283105246,55133.18484488713
Tramandai-9708170895cc,Supply,227506.6315001707,23183.132523176042
Tranmere-7a5883e42177,Demand,66101.34592762256,30573.169900853234
Trieste-2aed856f346e,Demand,67580.11321508425,68466.72398829833
Trieste-2aed856f346e,Supply,221275.97537223576,24625.786172532167
Trincomalee Harbor-9de2fbedb23d,Demand,112278.208751823,35602.71800780345
Trincomalee Harbor-9de2fbedb23d,Supply,75009.88123984617,18167.69776632696
Troon-38d199a7c2e1,Demand,66445.10762547166,16634.82359991176
Tuapse-49cfa42e4026,Supply,64323.26178925719,77474.32600640616
Tuban Marine Terminal-23b7587789dc,Supply,111729.06632862496,11339.1189455441
Tuban-a24ac0e38ee9,Demand,61344.696496231896,33275.72938208697
Tuban-a24ac0e38ee9,Supply,15123.988752657739,43905.18741125989
Tubarao-4848d977be95,Demand,125275.68251875901,64564.172254692625
Tubarao-4848d977be95,Supply,45088.37173700365,27297.01189702528
Tumaco-1fcbbc4d05f2,Supply,101676.99677711277,44719.46834376282
Tutunciftlik-193af158122c,Demand,94126.91108410101,34007.91067658021
Tuxpan-d3f9c4372fe0,Demand,67617.89486889898,14879.833521653809
Ube-c273f1ec2e46,Demand,63645.32393209643,22249.176465488054
Ulsan-b3b140b8d0ea,Demand,107649.08053252881,16763.107652892035
Ulsan-b3b140b8d0ea,Supply,28884.073528095367,72281.0810359409
Umm Qasr-cf5700891386,Supply,25687.3286939052,39239.6249544071
Ushant-9da0b2371bfa,Supply,162186.62544805766,79119.72308440974
Ust-Luga-e9ea2bf59471,Demand,122603.0369743454,36608.83868012543
Ust-Luga-e9ea2bf59471,Supply,75590.35465586343,31427.726876309618
Vadinar-95b0ec8946e3,Demand,105248.75513527065,36234.81252240922
Vadinar-95b0ec8946e3,Supply,86492.15739199403,27948.721397028206
Vado Ligure-c87d27fa8b7b,Demand,58719.017858920226,24567.381022052756
Valdez-2044032df24e,Supply,185021.7232301512,29132.740013523307
Valletta Harbors-9964ebed3065,Demand,125749.26337730771,32086.18143348653
Valletta Harbors-9964ebed3065,Supply,69566.05576874723,63423.338357543515
Vancouver-3e2e2c90248e,Supply,55620.82931894326,18376.68685019291
Varandey-d4bcafba1db4,Supply,33384.85357375433,27415.161334056145
Varanus-ce766ecf7dc3,Supply,68193.71641581917,68754.66656951555
Vatika Bay-443d87c3c171,Supply,93709.30291748459,53442.31691182341
Ventspils-4c7c50361179,Supply,170016.84305139186,33237.95203437238
Violet-2381807cf9a0,Demand,117008.41969160219,39581.84796944329
Visakhapatnam-73ed77525071,Demand,217773.31668857095,34295.68717658885
Vlissingen-71c1b08d6d65,Supply,50485.51292637157,48132.97721979887
Vostochny-a1059c7eeec6,Supply,52737.240981416675,40883.082575624336
Vung Tau-fd30e1b2fc95,Supply,53279.34634931709,40062.001025186226
Vysotsk-473b36081811,Supply,151482.26199770925,36908.85415016976
Wadi Feiran-f112385ebe45,Demand,102196.03453050775,60823.32237767328
Wadi Feiran-f112385ebe45,Supply,39198.00750719358,19088.38780263116
Walvis Bay-369248f61f6f,Supply,142476.3209313937,104057.2240741434
Weizhou Island-c73b468c4fba,Supply,41973.722511340966,32690.918109177346
Western Yantai-95889f42a047,Demand,133301.95583945708,86475.17612899478
Whakaaropai Terminal-8a42c792d8d6,Supply,83343.11360454929,28416.517634137643
Whiffen Head-9d95e17d2034,Demand,272975.86781378905,105058.42346325028
Whiffen Head-9d95e17d2034,Supply,91926.46666089771,82673.44404236642
Whitegate-af96b36e8476,Demand,63513.4327061421,17230.200320197622
Whitegate-af96b36e8476,Supply,70294.7733855377,20916.011141152496
Whyalla-d339d497833b,Supply,146620.193030478,24804.59671941881
Widuri Marine Terminal-4917077fd7e9,Supply,55899.32516962365,56306.22597328681
Wilhelmshaven-34a71cee910d,Demand,47419.280982044096,29279.095718352608
Wilhelmshaven-34a71cee910d,Supply,110176.30997532248,92780.8737810144
Willemstad-9cf9d3381517,Demand,148679.1244232981,79808.96576318836
Willemstad-9cf9d3381517,Supply,44028.24733209192,38551.83134861451
Xijiang Terminal-f6552acab4d7,Demand,252776.9499284062,28960.310156017225
Xijiang Terminal-f6552acab4d7,Supply,65631.2111895275,100103.88772116265
Yabucoa-01be197794dc,Demand,26963.87826237469,24552.724175519368
Yanbu-28f231cac387,Demand,136482.93031239923,56866.955163192244
Yanbu-28f231cac387,Supply,76362.21454157184,88403.64751613046
Yangpu-da9d66d9e3a9,Demand,40237.51699179062,53111.07427115199
Yangpu-da9d66d9e3a9,Supply,84986.87881858638,57283.76763974184
Yangshan-6984eab6a8fc,Demand,61609.36923375552,20713.76063807635
Yantian-856379709c13,Demand,67600.30894963197,88519.21360529431
Yantian-856379709c13,Supply,86720.21111257905,31726.57212683752
Yeosu-e9b7bd6fcddb,Demand,53777.907781834576,37491.01380329882
Yeosu-e9b7bd6fcddb,Supply,45718.47620696444,42765.3291809326
Yingkou-54cfde7f5e3d,Demand,67594.93430466468,29747.761536953563
Yithion-2326abdb26a1,Supply,69037.66619459858,23796.51772516727
Yizheng-dff2e2344dd3,Demand,93342.88630954646,86029.05168241356
Yokkaichi-4e5f3a884727,Demand,65786.34557884607,35133.24396908572
Yokohama-aa8f1ab13ec7,Demand,48387.024425962125,60692.136933071815
Yokohama-aa8f1ab13ec7,Supply,209024.25977062396,43505.99820295973
Yumurtalik-4545edd2bd41,Supply,178700.4003545346,38055.065664260044
Yura-7aaaa98a7398,Demand,170439.06545735087,34142.03056145341
Zaafarana Terminal-c89ca7e88418,Demand,108409.51029064393,50800.065893156796
Zafiro-78c50cfb00e2,Supply,39259.91382942752,84264.40764793403
Zeebrugge-6352196beb0e,Demand,80764.10449937126,87193.64449354695
Zeit Bay Terminal-743e257bfe00,Demand,102182.13796644837,57685.025672976306
Zeit Bay Terminal-743e257bfe00,Supply,72158.64685224675,12435.663698869512
Zhanjiang-71e260383bb7,Demand,221561.7889153212,31052.829657286333
Zhanjiang-71e260383bb7,Supply,38453.505954171495,30794.717432717865
Zhoushan-611472facb34,Demand,48193.93913031518,18646.255242589643
Zhoushan-611472facb34,Supply,41463.49369375055,66744.21700664947
Zhuhai-937947ea68bb,Demand,121931.05686316083,15686.055481269628
Zhuhai-937947ea68bb,Supply,121452.5982298146,39693.27398676763
Zirku Island-a43755386268,Supply,49646.95493764378,35165.33122123673
